Column1,Column2,Column3,Column4,Column5,Column6
重量,じゅうりょう,heavyweight,,,
重力,じゅうりょく,gravity,,,
熟語,じゅくご,"idiom, kanji compound",,,
祝日,しゅくじつ,national holiday,,,
受験,じゅけん,taking an examination,,,
主語,しゅご,(gram) subject,,,
主人,しゅじん,(one's own) husband,,,
出勤,しゅっきん,"going to work, at work",,,
述語,じゅつご,predicate,,,
寿命,じゅみょう,life span,,,
主役,しゅやく,leading part,,,
循環,じゅんかん,"circulation, rotation, cycle",,,
巡査,じゅんさ,policeman,,,
順々,じゅんじゅん,"in order, in turn",,,
順序,じゅんじょ,"order, sequence, procedure",,,
純情,じゅんじょう,pure heart,,,
女～,じょ～,things done by women,,,
～女,～じょ,count for sisters,,,
省～,しょう～,economizing ~,,,
～商,～しょう,"merchant, business",,,
～勝,～しょう,count for victory,,,
～条,～じょう,counter for article,,,
～畳,～じょう,"count for tatami, mat",,,
小学生,しょうがくせい,elementary school pupil,,,
しょうがない,しょうがない,It is not worth ~,,,
将棋,将[しょう]棋[ぎ],Japanese chess,,,
蒸気,じょうき,"steam, vapor",,,
定規,じょうぎ,(measuring) ruler,,,
上級,じょうきゅう,"advanced level, high grade, senior",,,
商業,商[しょう]業[ぎょう],"commerce, trade, business",,,
上下,じょうげ,"high and low, up and down",,,
障子,しょうじ,paper sliding door,,,
商社,しょうしゃ,trading company,,,
生ずる,生[しょう]ずる,"to cause, to arise, to be generated",,,
小数,しょうすう,"fraction (part of), decimal",,,
商店,商[しょう]店[てん],"shop, business firm",,,
焦点,しょうてん,"focus, point",,,
蒸発,じょうはつ,evaporation; unexplained disappearance,,,
上品,じょうひん,"refined, elegant, well-mannered",,,
小便,しょうべん,"(col) urine, piss",,,
正味,しょうみ,net (weight),,,
正面,しょうめん,front,,,
消耗,しょうもう,"exhaustion, consumption",,,
初級,しょきゅう,elementary level,,,
助教授,じょきょうじゅ,assistant professor,,,
～色,～しょく,kind of color,,,
食塩,しょくえん,table salt,,,
職人,しょくにん,"artisan, craftsman",,,
食器,しょっき,tableware,,,
ショップ,ショップ,a shop,,,
書店,しょてん,bookshop,,,
書道,しょどう,calligraphy,,,
初歩,初[しょ]歩[ほ],"elements, rudiments",,,
シリーズ,シリーズ,series,,,
私立,しりつ,private (establishment),,,
資料,しりょう,"materials, data",,,
汁,しる,"juice, soup",,,
素人,しろうと,"layman, amateur, novice",,,
しわ (かおの～),しわ (かおの～),"wrinkles, creases",,,
芯,しん,"core, heart, wick",,,
新幹線,しんかんせん,"Shinkansen, ""Bullet Train""",,,
真空,真[しん]空[くう],vacuum,,,
人事,じんじ,"human resources, personnel management",,,
信ずる,しんずる,to believe,,,
心身,しんしん,mind and body,,,
人造,じんぞう,"man-made, synthetic, artificial",,,
寝台,しんだい,bed,,,
侵入,侵[しん]入[にゅう],"invasion, raid, trespass",,,
人文科学,じんぶんかがく,"social sciences, humanities",,,
人命,じんめい,(human) life,,,
深夜,深[しん]夜[や],late at night,,,
針路,しんろ,"course, direction",,,
神話,しんわ,"myth, legend",,,
水産,すいさん,"marine products, fisheries",,,
水蒸気,すいじょうき,"water vapor, steam",,,
水素,すいそ,hydrogen,,,
垂直,垂[すい]直[ちょく],"vertical, perpendicular",,,
推定,すいてい,"presumption, assumption, estimation",,,
水滴,すいてき,drop of water,,,
水筒,すいとう,"canteen, flask, water bottle",,,
水分,すいぶん,moisture,,,
水平,すいへい,"level, horizontal",,,
水面,すいめん,water's surface,,,
図々しい,ずうずうしい,"impudent, shameless",,,
ずうっと,ずうっと,"all the time, all the way",,,
スカーフ,スカーフ,scarf,,,
図鑑,ずかん,picture book,,,
隙,すき,"unguarded moment, chance",,,
透き通る,すきとおる,to be(come) transparent,,,
隙間,すきま,"crack, gap, opening<br>spare moment, free time",,,
～過ぎる,～すぎる,too much ~,,,
スクール,スクール,school,,,
鈴,すず,bell,,,
スタート,スタート,start,,,
スチュワーデス,スチュワーデス,stewardess,,,
すっきり,すっきり,"shapely, clear, neat",,,
ストッキング,ストッキング,stockings,,,
ストップ,ストップ,stop,,,
素直,すなお,"obedient, meek, docile<br>honest, frank",na,,
頭脳,頭[ず]脳[のう],"head, brains, intellect",,,
スピーカー,スピーカー,speaker,,,
図表,ずひょう,"chart, diagram, graph",,,
スマート,スマート,"smart, stylish, slim",,,
住まい,すまい,"dwelling, house",,,
すまない,すまない,sorry (phrase),,,
～済,～ずみ,finished,,,
相撲,すもう,sumo wrestling,,,
スライド,スライド,slide,,,
ずらす,ずらす,"to put off, to delay",,,
ずらり,ずらり,"in a line, in a row",,,
スリッパ,スリッパ,slippers,,,
狡い,ずるい,"sly, cunning",,,
寸法,すんぽう,"measurement, size, dimension",,,
清書,せいしょ,clean copy,,,
青少年,せいしょうねん,"youth, young person",,,
整数,せいすう,integer,,,
清掃,せいそう,cleaning,,,
生存,せいぞん,"existence, being, survival",,,
政党,せいとう,(member of) political party,,,
成分,成[せい]分[ぶん],"ingredient, component, composition",,,
性別,せいべつ,"sex, gender",,,
正門,せいもん,"main gate, main entrance",,,
成立,せいりつ,"formation, establishment, completion",,,
西暦,せいれき,"Christian Era, after (Christ’s) death (A.D.)",,,
～席,～せき,counter for seats,,,
赤道,せきどう,equator,,,
折角,せっかく,"with trouble, at great pains, long-awaited",,,
接近,せっきん,"getting closer, drawing nearer, approaching",,,
接する,せっする,to attend to (someone); to associate with,,,
瀬戸物,せともの,"earthenware, crockery, china",,,
ぜひとも,ぜひとも,by all means (with sense of not taking 'no' for an answer),,,
セメント,セメント,cement,,,
台詞,せりふ,"speech, words, one's lines, remarks",,,
～船,～せん,counter for ships,,,
～戦,～せん,"counter for games, matches",,,
～前,～ぜん,before ~,,,
全集,ぜんしゅう,complete works,,,
扇子,せんす,folding fan,,,
専制,せんせい,"despotism, autocracy",,,
先々月,せんせんげつ,month before last,,,
先々週,せんせんしゅう,2 weeks before,,,
先祖,先[せん]祖[ぞ],ancestor,,,
先端,先[せん]端[たん],"pointed end, tip",,,
センチ,センチ,centimeter,,,
先頭,せんとう,"head, lead, vanguard",,,
全般,ぜんぱん,"(the) whole, general",,,
扇風機,せんぷうき,electric fan,,,
洗面,せんめん,"wash up (one's face), have a wash",,,
全力,ぜんりょく,"all one's power, whole energy",,,
～艘,～そう,counter for ships,,,
相違,そうい,"difference, discrepancy, variation",,,
そういえば,そういえば,which reminds me ..,,,
雑巾,ぞうきん,"house-cloth, dust cloth",,,
増減,ぞうげん,"increase and decrease, fluctuation",,,
相互,そうご,"mutual, reciprocal",,,
創作,創[そう]作[さく],"production, creation, work",,,
造船,ぞうせん,shipbuilding,,,
騒々しい,そうぞうしい,"noisy, boisterous",,,
そうっと,そうっと,"softly, cautiously, gently",,,
送別,そうべつ,"farewell, send-off",,,
草履,ぞうり,Japanese sandals (footwear),,,
総理大臣,そうりだいじん,Prime Minister,,,
送料,そうりょう,"postage, carriage",,,
～足,～そく,counter for shoes,,,
属する,ぞくする,"to belong to, to come under",,,
速達,そくたつ,"express, special delivery",,,
測量,そくりょう,"measurement, surveying",,,
速力,そくりょく,speed,,,
素質,素[そ]質[しつ],"talent, capability",,,
卒直,そっちょく,"frank, candid, honest",,,
そのころ,そのころ,"in those days, at that time, then",,,
そのため,そのため,"hence, for that reason",,,
その他,そのほか,besides,,,
剃る,そる,to shave,,,
それなのに,それなのに,"though, although",,,
それなら,それなら,"If that's the case..., If so..., That being the case...",,,
それはいけませんね (かん),それはいけませんね (かん),that's not good,,,
逸れる,それる,"to stray (turn) from subject, to go astray",,,
算盤,算盤[そろばん],abacus,,,
存じる,ぞんじる,(humble) to know,,,
存ずる,存[ぞん]ずる,(humble) to know,,,
損得,損[そん]得[とく],"loss and gain, advantage and disadvantage",,,
田ぼ,たんぼ,"paddy field, farm",,,
第～,だい～,~th,,,
だいいち (とりわけ),だいいち (とりわけ),"first, foremost,&nbsp;&nbsp;#1",,,
大工,だいく,carpenter,,,
体系,たいけい,"system, organization",,,
太鼓,たいこ,"drum, tambourine",,,
対策,たいさく,"counter-plan, counter-measure",,,
大小,だいしょう,size,,,
体制,たいせい,"order, system, structure",,,
大層,たいそう,"very much, greatly",,,
体操,たいそう,"gymnastics, physical exercises, calisthenics",,,
大分,だいぶん,"considerably, greatly, a lot",,,
大木,たいぼく,large tree,,,
代名詞,だいめいし,pronoun,,,
タイア,タイア,"tire, tyre",,,
ダイヤグラム,ダイヤグラム,diagram,,,
ダイヤモンド,ダイヤモンド,diamond,,,
ダイヤル,ダイヤル,dial,,,
田植え,たうえ,rice planting,,,
楕円,だえん,ellipse,,,
蓄える,蓄[たくわ]える,"to save, to store, to lay in stock",,,
竹,たけ,bamboo,,,
ただいま,ただいま,"Here I am, I'm home!",,,
但し,ただし,"but, however, provided that",,,
立ち止まる,たちどまる,"to stop, to halt, to stand still",,,
発,はつ,"to depart (e.g., on a plane, train)",,,
脱線,だっせん,"derailment, digression",,,
例える,たとえる,"to compare, to liken",,,
ダブル,ダブル,double,,,
ダム,ダム,dam,,,
溜息,ためいき,a sigh,,,
ためらう,,to be hesitant,,,
～だらけ,～だらけ,"be full of ~, be filled with ~",,,
足る,たる,"to be sufficient, to be enough",,,
～団,～だん,"group, corps, party",,,
オーケストラ,オーケストラ,orchestra,,,
おおざっぱ,おおざっぱ,"rough (not precise), broad, sketchy",,,
オートメーション,オートメーション,automation,,,
大凡,おおよそ,"about, approximately",,,
お帰り,おかえり,"return, welcome",,,
おかけください,おかけください,please sit down,,,
おかげさまで,おかげさまで,"Thanks to god, thanks to you",,,
おかず,おかず,"side dish, accompaniment for rice dishes",,,
おかまいなく,おかまいなく,please don't fuss over me,,,
拝む,おがむ,"to worship, to pray",,,
お代わり,おかわり,"second helping, another cup",,,
お気の毒に,おきのどくに,I'm sorry to hear that…,,,
屋外,おくがい,outdoors,,,
送り仮名,おくりがな,part of word written in kana,,,
お元気で,おげんきで,Take care',,,
怠る,おこたる,"to neglect, to fail",,,
お先に,おさきに,"before, after you",,,
伯父,おじ,(humble) uncle (older than one's parent),,,
叔父,おじ,uncle (younger than one's parent),,,
惜しい,おしい,"regrettable, disappointing",,,
伯父さん,おじさん,"(hon.) middle-aged gentleman, uncle",,older than parent,
小父さん,おじさん,"(hon.) middle-aged gentleman, uncle",,nonrelative,
叔父さん,おじさん,"(hon.) middle-aged gentleman, uncle",,younger than parant,
お邪魔します,おじゃまします,Excuse me for disturbing you,,,
お世話になりました,おせわになりました,I've been in your care,,,
お大事に,おだいじに,"Take care of yourself, Take care!, Get well soon",,,
落着く,おちつく,"to calm down, to settle down",,,
お出掛け,おでかけ,outing,,,
お手伝いさん,おてつだいさん,maid,,,
脅かす,おどかす,"to threaten, to coerce",,,
落し物,おとしもの,lost property,,,
驚かす,おどろかす,"to surprise, to frighten",,,
お願いします,おねがいします,"Please (lit., I request)",,,
伯母,おば,(humble) aunt (older than one's parent),,,
叔母,おば,aunt (younger than one's parent),,,
小母さん,おばさん,"lady, woman, ma'am",,,
おはよう,おはよう,(abbr.) Good morning,,,
お参り,おまいり,"worship, shrine visit",,,
お待たせしました,おまたせしました,Sorry to have kept you waiting,,,
お待ちください,おまちください,Please wait a moment,,,
おまちどおさま,おまちどおさま,Sorry to have kept you waiting,,,
おめでたい,おめでたい,"happy event, matter for congratulation",,,
思い掛けない,おもいがけない,"unexpected, casual",,,
重たい,おもたい,"heavy, massive, serious",,,
お休み,おやすみ,"holiday, absence; (exp.) Good night",,,
おやつ,おやつ,"between meal snack, afternoon refreshment",,,
親指,おやゆび,thumb,,,
オルガン,オルガン,organ,,,
恩恵,恩[おん]恵[けい],"blessing, benefit",,,
温室,温[おん]室[しつ],greenhouse,,,
温泉,おんせん,"spa, hot spring",,,
温帯,おんたい,temperate zone,,,
御中,おんちゅう,Messrs.,,,
～日,"～か, ~じつ","counter for days, days",,,
～下,～か,under ~,,,
～科,～ 科[か],"family, group, course",,,
～歌,～か,song of ~,,,
～画,～が,"picture, painting",,,
カーブ,カーブ,curve; curve ball (baseball),,,
外～,がい～,"foreign ~, outside ~",,,
～外,～がい,out of ~,,,
開会,かいかい,opening of a meeting,,,
会館,かいかん,"meeting hall, assembly hall",,,
解散,かいさん,"breakup, dissolution",,,
海水浴,かいすいよく,"sea bathing, seawater bath",,,
回数,かいすう,"number of times, frequency",,,
開通,かいつう,"opening, open",,,
回転,かいてん,"rotation, turning",,,
解答,かいとう,"answer, solution",,,
回答,かいとう,"reply, answer",,,
外部,がいぶ,"the outside, external",,,
解放,かいほう,"release, liberation, emancipation",,,
開放,かいほう,"open, throw open, liberalization",,,
海洋,かいよう,ocean,,,
概論,がいろん,"introduction, general remark",,,
却って,かえって,"on the contrary, rather",,,
家屋,かおく,"house, building",,,
係わる,係[かか]わる,"to concern oneself in, to be involved in",,,
書留,かきとめ,registered mail,,,
書取,かきとり,dictation,,,
垣根,かきね,hedge,,,
限り,かぎり,"limit(s), as far as possible",,,
架空,かくう,"imaginary, fiction, fanciful",,,
各自,かくじ,"individual, each",,,
拡充,かくじゅう,expansion,,,
学術,がくじゅつ,"science, learning, scholarship",,,
各地,かくち,various parts of the country,,,
拡張,かくちょう,"expansion, extension",,,
角度,かくど,angle,,,
学年,がくねん,"year in school, grade in school",,,
格別,かくべつ,exceptional,,,
確率,かくりつ,probability,,,
可決,かけつ,"approval, adoption (e.g., motion, bill), passage",,,
火口,かこう,crater (of a volcano),,,
下降,かこう,"decline, descent, fall",,,
火山,かざん,volcano,,,
かしこまりました,かしこまりました,Certainly,,,
貸し出し,かしだし,"lending, loaning",,,
過失,過[か]失[しつ],"error, mistake, negligence",,,
貸間,かしま,room to let,,,
貸家,かしや,house for rent,,,
箇所,かしょ,"place, point, part",,,
過剰,過[か]剰[じょう],"excess, over-",,,
課税,かぜい,taxation,,,
下線,かせん,"underline, underscore",,,
カセット,カセット,cassette (tape),,,
加速（度）,かそくど,acceleration,,,
塊,かたまり,"lump, mass, cluster",,,
片寄る,かたよる,"to be one-sided, to incline, to be partial",,,
～がち,～がち,tend to do ~,,,
学科[がっか],,"study subject, course of study",,,
学級,がっきゅう,"class (class 3a, class 5b, etc)",,,
括弧,かっこ,"parenthesis, brackets",,,
活字,かつじ,printing type,,,
勝手に,勝手[かって]に,"arbitrarily,",,,
活力,かつりょく,"vitality, energy",,,
仮名,かな,kana,,,
仮名遣い,かなづかい,"kana orthography, syllabary spelling",,,
兼ねる,かねる,to simultaneously serve two or more functions,,,
カバー,カバー,"cover (e.g., book)",,,
過半数,かはんすう,majority,,,
かび (～がはえる),かび (～がはえる),"mold, mildew",,,
被せる,かぶせる,to cover (with something),,,
釜,釜[かま],"iron pot, kettle",,,
構いません,かまいません,it's all right; one doesn’t mind,,,
紙屑,かみくず,wastepaper,,,
神様,かみさま,god,,,
剃刀,かみそり,razor,,,
ガム,ガム,chewing gum,,,
貨物,かもつ,"cargo, freight",,,
カラー,カラー,"collar, color",,,
からかう,からかう,"to ridicule, to make fun of",,,
空っぽ,からっぽ,"empty, vacant, hollow",,,
かるた,かるた,playing cards (POR: carta),,,
枯れる,かれる,"to wither, to die (plant), to be blasted (plant)",,,
カロリー,カロリー,calorie,,,
可愛がる,かわいがる,"to love, to be affectionate",,,
為替,かわせ,"money order, exchange",,,
瓦,かわら,roof tile,,,
～刊,～かん,"~ issued (magazine, newspaper)",,,
～間,～かん,"between, during",,,
～巻,～かん,volume,,,
～館,～かん,"~ hall, ~ building",,,
換気,かんき,ventilation,,,
感激,かんげき,"deep emotion, impression, inspiration",,,
関西,かんさい,"south-western half of Japan, including Osaka",,,
元日,がんじつ,New Year's Day,,,
鑑賞,かんしょう,appreciation,,,
感ずる,かんずる,"to feel, to sense",,,
間接,かんせつ,"indirect, indirectness",,,
観測,観[かん]測[そく],observation,,,
寒帯,かんたい,frigid zone,,,
官庁,かんちょう,"government office, authorities",,,
勘違い,かんちがい,"misunderstanding, wrong guess",,,
缶詰,かんづめ,"canning, canned goods,",,,
乾電池,かんでんち,"dry cell, battery",,,
関東,かんとう,"eastern half of Japan, including Tokyo",,,
観念,かんねん,"idea, notion; sense",,,
乾杯,かんぱい,Cheers! (a toast),,,
看板,看[かん]板[ばん],"sign, signboard",,,
冠,かんむり,"crown, wreath",,,
漢和,かんわ,"Chinese Character-Japanese (e.g., dictionary)",,,
～期,～ 期[き],"~age, ~period",,,
気圧,きあつ,atmospheric pressure,,,
着替え,きがえ,"changing clothes, change of clothes",,,
着替える,きがえる,to change (one's) clothes,,,
機関車,きかんしゃ,"locomotive, engine",,,
飢饉,ききん,famine,,,
器具,きぐ,instrument,,,
記号,きごう,"symbol, code",,,
儀式,ぎしき,"ceremony, rite, ritual",,,
基準,きじゅん,"standard, basis, criteria",,規準,
起床,きしょう,"rising, getting out of bed",,,
基礎,きそ,"foundation, basis",,fundamental,
基地,きち,base,,,
客間,きゃくま,"parlor, guest room",,,
ギャング,ギャング,gang,,,
キャンパス,キャンパス,campus,,,
給与,給[きゅう]与[よ],"pay, salary",,,
清い,きよい,"clear, pure, noble",,,
～教,～きょう,religion,,,
～行,～ぎょう,"line, row",,,
境界,きょうかい,boundary,,,
共産～,きょうさん～,communist ~,,,
恐縮,恐[きょう]縮[しゅく],sorry to trouble,,,
教養,きょうよう,"culture, education, sophistication",,,
漁業,ぎょぎょう,fishing (industry),,,
曲線,きょくせん,curve,,,
規律,きりつ,"order, rules, law",,,
斬る,きる,"to behead, to murder",,,
～きる,～きる,"nevertheless, to carry through",,,
～切れ,～きれ,out of ~,,,
気を付ける,きをつける,"to be careful, to pay attention, to take care",,,
金魚,きんぎょ,goldfish,,,
区域,くいき,"zone, district, area",,,
空～,くう～,empty ~,,,
偶数,ぐうすう,even number,,,
空想,空[くう]想[そう],"daydream, fantasy",,,
空中,くうちゅう,"sky, air",,,
クーラー,クーラー,air conditioner,,,
釘,釘[くぎ],nail,,,
区切る,くぎる,"to punctuate, to cut off, to mark off",,,
櫛,くし,comb,,,
苦心,くしん,"pain, trouble",,,
屑,くず,"waste, scrap",,,
薬指,くすりゆび,ring finger,,,
崩れる,くずれる,"to collapse, to crumble",,,
砕く,くだく,"to break, to smash",,,
砕ける,くだける,"to break, to be broken",,,
～口,～くち,"~ opening; ~ entrance, ~ exit",,,
唇,くちびる,lip,,,
口紅,くちべに,lipstick,,,
くっつく,くっつく,"to adhere to, to keep close to",,,
くっつける,くっつける,to attach,,,
句読点,句[く]読[とう]点[てん],punctuation marks,,,
配る,くばる,"to distribute, to deliver",,,
工夫,工[く]夫[ふう],"device, artifice, ingenuity",,,
区分,くぶん,"division, section, classification",,,
組合せ,くみあわせ,combination,,,
クリーニング,クリーニング,"cleaning, dry cleaning, laundry service",,,
くれぐれも,くれぐれも,"repeatedly, sincerely, earnestly",,,
～形,～けい,shape of ~,,,
～系,～けい,"~ system, ~ lineage, ~ group",,,
稽古,けいこ,"practice, training, study",,,
蛍光灯,けいこうとう,fluorescent lamp,,,
形式,けいしき,"form, formality, format",,,
継続,けいぞく,continuation,,,
経度,けいど,longitude,,,
系統,けいとう,"system, genealogy",,,
芸能,げいのう,"public entertainment, performing arts",,,
競馬,けいば,horse racing,,,
警備,けいび,"defense, guard, policing, security",,,
形容詞,けいようし,adjective,,,
形容動詞,けいようどうし,"adjectival noun, quasi-adjective",,,
毛皮,けがわ,"fur, skin, pelt",,,
激増,げきぞう,sudden increase,,,
下水,げすい,"drainage, sewage, ditch, gutter, sewerage",,,
桁,けた,"column, beam, digit",,,
下駄,下駄[げた],"(Japanese footwear), wooden clogs",,,
気配,けはい,"indication, sign, hint",,,
下品,げひん,"vulgar, indecent, coarse",,,
煙い,煙[けむ]い,smoky,,,
～圏,～ 圏[けん],"bloc, sphere, area",,,
見学,けんがく,"tour, study by observation",,,
原稿,げんこう,"manuscript, copy",,,
原産,げんさん,place of origin,,,
原始,げんし,"origin, primeval",,,
厳重,厳[げん]重[じゅう],"strict, severe, firm",,,
謙遜,けんそん,"humble, humility, modesty",,,
県庁,けんちょう,prefectural office,,,
限[げん]度[ど],,"limit, bounds",,,
現に,げんに,"actually, really",,,
顕微鏡,けんびきょう,microscope,,,
懸命,けんめい,"eagerness, strenuous",,,
原理,げんり,"principle, theory, fundamental truth",,,
原料,げんりょう,raw materials,,,
恋しい,恋[こい]しい,"dear, beloved; to miss",,,
～校,～こう,counter for school,,,
～港,～こう,~ port,,,
～号,～ごう,counter for magazine; the name of ship,,,
工員,こういん,factory worker,,,
高級,高[こう]級[きゅう],high class; first-rate,,,
公共,こうきょう,"public, community, communal",,,
孝行,こうこう,filial piety,,,
交差,こうさ,"crossing, intersection",,,
工事,こうじ,construction work,,,
公式,こうしき,"formula, formality, official",,,
口[こう]実[じつ],,excuse,,,
こうして,こうして,"like this, with this",,,
公衆,こうしゅう,the public,,,
香水,こうすい,perfume,,,
功績,こうせき,"achievements, merit",,,
光線,こうせん,"beam, light ray",,,
高層,こうそう,"tall, high rise",,,
構造,構[こう]造[ぞう],"structure, construction",,,
交替,こうたい,"change, relief, alteration",,,
耕地,こうち,arable land,,,
校庭,こうてい,school yard,,,
肯定,こうてい,"positive, affirmation",,,
高等,こうとう,"high class, high grade",,,
合同,ごうどう,"combination, incorporation",,,
高等学校,こうとうがっこう,senior high school,,,
公表,こうひょう,"official announcement, proclamation",,,
鉱物,こうぶつ,mineral,,,
公務,こうむ,"official business, public business",,,
項目,項[こう]目[もく],item,,,
紅葉,こうよう<br>もみじ,"fall colors (of leaves), leaves changing color<br>Japanese maple",suru<br>n,,
合理,ごうり,rational,,,
交流,こうりゅう,exchange; alternating current,,,
合流,合[ごう]流[りゅう],"confluence, merge, join",,,
効力,こうりょく,"effect, efficacy",,,
コース,コース,course,,,
コーラス,コーラス,chorus,,,
～国,～こく,nation of ~,,,
国王,こくおう,king,,,
国立,こくりつ,national,,,
ご苦労様,ごくろうさま,Thank you for your had work,,,
心当たり,心[こころ]当[あ]たり,"having some knowledge of, happening to know",,,
心得る,こころえる,"to understand, to have thorough knowledge",,,
腰掛け,こしかけ,"seat, bench",,,
五十音,ごじゅうおん,the Japanese syllabary,,,
こしらえる,こしらえる,"to make, to manufacture",,,
擦る,こする,"to rub, to chafe, to file, to frost (glass), to strike (match)",,,
個体,こたい,an individual,,,
ごちそうさま,ごちそうさま,Thank you for the meal,,,
こちらこそ,こちらこそ,it is I who should say so,,,
小遣い,小[こ]遣[づかい],"pocket money, allowance",,,
コック,コック,"cook; tap, cock",,,
こっそり,こっそり,"stealthily, secretly",,,
～毎,～ 毎[ごと],"every ~, each ~",,,
〜 (まる) ごと,〜 (まる) ごと,"whole ~, all of ~",,,
言付ける,言[こと]付[づ]ける,to leave a message,,,
こないだ,こないだ,"the other day, lately, recently",,,
御無沙汰,ごぶさた,not writing or contacting for a while,,,
ゴム,ゴム,"gum, rubber",,,
御免,ごめん,"declining (something); pardon, sorry",,,
ごめんください,ごめんください,"May I come in, Is anyone here",,,
小指,こゆび,little finger,,,
堪える,こらえる,"to bear, to endure, to put up with",,,
御覧,ごらん,"(hon.) look, inspection, try",,,
コレクション,コレクション,collection; correction,,,
転がす,ころがす,to roll,,,
転がる,ころがる,"to roll, to tumble",,,
紺,こん,"navy blue, deep blue",,,
コンクール,コンクール,contest (FRE: concours),,,
コンクリート,コンクリート,concrete,,,
混合,混[こん]合[ごう],"mixing, mixture",,,
コンセント,コンセント,consent; power outlet,,,
こんばんは,こんばんは,good evening,,,
サークル,サークル,"circle, sports club (e.g., at a company)",,,
在学,ざいがく,(enrolled) in school,,,
祭日,さいじつ,"national holiday, festival day",,,
催[さい]促[そく],,"demand, urge (action), press for",,,
災難,さいなん,"calamity, misfortune",,,
材木,ざいもく,"lumber, timber",,,
サイレン,サイレン,siren,,,
逆様,さかさま,"reverse, upside down",,逆さ,
捜[さが]す,,"to search, to seek, to look for",,,
遡る,さかのぼる,"to go back, to date back; ascend",,,
酒場,さかば,"bar, bar-room",,,
一昨昨日,さきおととい,"two days before yesterday, three days ago",,,
先程,さきほど,a little while ago,,,
作者,さくしゃ,"author, artist",,,
作製,さくせい,"manufacture, production",,,
探る,さぐる,"to search, to look for, investigate",,,
囁く,ささやく,"to whisper, to murmur",,,
匙,匙[さじ],spoon,,,
座敷,ざしき,tatami room,,,
差し支え,さしつかえ,"hindrance, impediment",,,
差し引き,さしひき,"deduction, balance",,,
(かさを～) さす,(かさを～) さす,to open; hold (an umbrella),,,
流石,さすが,"indeed, truly, as one would expect",,,
雑音,ざつおん,"noise (jarring, grating)",,,
錆,さび,rust (color),,,
錆びる,さびる,"to rust, to become rusty",,,
座布団,ざぶとん,cushion (Japanese),,,
妨げる,さまたげる,"to disturb, to prevent",,,
さようなら,さようなら,good-bye,,,
サラリーマン,サラリーマン,salaryman; company employee,,,
さわやか,さわやか,"fresh, refreshing",,,
～山,～さん,the name of mountain,,,
三角,三[さん]角[かく],"triangle, triangular",,,
算数,さんすう,arithmetic,,,
産地,さんち,producing area,,,
山林,さんりん,mountain forest,,,
～史,～し,history of ~,,,
～紙,～し,"newspaper, type of paper",,,
～寺,～じ,the name of temple,,,
明明後日,しあさって,two days after tomorrow,,,
シーツ,シーツ,sheet,,,
寺院,じいん,temple,,,
しいんと (する),しいんと (する),"silent (as the grave), (deathly) quiet",,,
自衛,じえい,self-defense,,,
司会,しかい,"host, chairperson",,,
四角い,しかくい,square,,,
仕方がない,しかたがない,"it can't be helped, it's inevitable",,,
～時間目,～じかんめ,"~th hour, ~th period",,,
〜(日本) 式,～(にほん) しき,"custom,",,,
敷地,しきち,site,,,
敷く,しく,"to spread out, to lay out",,,
茂る,しげる,to grow thick,,,
持参,持[じ]参[さん],"bringing, taking, carrying",,,
四捨五入,ししゃごにゅう,rounding up (fractions),,,
始終,しじゅう,"continuously, always, constantly",,,
時速,じそく,speed (per hour),,,
死体,したい,corpse,,,
下書き,したがき,"rough copy, draft",,,
自宅,じたく,one's own home (same as 自分の家 (じぶんのいえ)),,,
下町,したまち,old parts of town,,,
自治,じち,"self-government, autonomy",,,
室～,しつ～,room,,,
～室,～しつ,counter for room,,,
実感,じっかん,"feelings, realization",,,
湿気,しっき,"moisture, humidity, dampness",,,
実習,じっしゅう,"practice, training",,,
実績,じっせき,"achievements, actual results",,,
実物,じつぶつ,an actual thing,,,
しっぽ,しっぽ,tail (animal),,,
実用,じつよう,"practical use, utility",,,
しつれいしました (かん),しつれいしました (かん),"Excuse me., I'm sorry.",,,
実例,じつれい,"example, instance",,,
私鉄,してつ,private railway,,,
紙幣,しへい,"paper money, notes, bills",,,
しぼむ,しぼむ,"to wither, to shrivel",,,
縞,しま,stripe,,,
～おしまい (おわり),～おしまい (おわり),end up ~,,,
氏名,しめい,full name,,,
締切,しめきり,deadline,,,
締め切る,しめきる,"to close, cancel",,,
しめた (かん),しめた (かん),"I've got it, all right, fine",,,
地面,じめん,"ground, earth's surface",,,
～車,～しゃ,~ car,,,
～社,～しゃ,counter for company,,,
蛇口,じゃぐち,"faucet, tap",,,
弱点,じゃくてん,"weak point, weakness",,,
車庫,しゃこ,"garage, car shed",,,
車掌,しゃしょう,(train) conductor,,,
写生,しゃせい,"sketching, drawing from nature",,,
社説,しゃせつ,editorial,,,
シャッター,シャッター,shutter,,,
車輪,しゃりん,(car) wheel,,,
洒落,しゃれ,"joke, pun, witticism",,,
じゃんけん,じゃんけん,rock-scissors-paper game,,,
～手,～しゅ,"~ player, person who does ~",,,
～酒,～ 酒[しゅ],kind of alcohol,,,
～集,～しゅう,collection of ~,,,
集会,しゅうかい,"meeting, assembly",,,
集金,しゅうきん,money collection,,,
集合,しゅうごう,"gathering, assembly",,,
習字,しゅうじ,penmanship,,,
修繕,しゅうぜん,"repair, mending",,,
じゅうたん (カーペット),じゅうたん (カーペット),carpet,,,
終点,しゅうてん,"terminus, last stop (e.g train)",,,
重点,じゅうてん,"important point, lay stress on, emphasis",,,
リズム,リズム,rhythm,,,
リボン,リボン,ribbon,,,
略す,りゃくす,to abbreviate,,,
～流,～りゅう,"fashion, manner, way",,,
流域,りゅういき,(river) basin,,,
～領,～りょう,territory,,,
両側,りょうがわ,both sides,,,
漁師,りょうし,fisherman,,,
領事,りょうじ,consul,,,
領収,領[りょう]収[しゅう],"receipt, voucher",,,
臨時,りんじ,"temporary, special, extraordinary",,,
留守番,るすばん,"care-taking, caretaker, house-watching",,,
零点,れいてん,"zero, no marks",,,
冷[れい]凍[とう],,"freezing, cold storage, refrigeration",,,
レインコート,レインコート,raincoat,,,
レクリェーション,レクリェーション,recreation,,,
列島,れっとう,chain of islands,,,
リポート,リポート,"report, paper",,,
煉瓦,れんが,brick,,,
連合,れんごう,"union, alliance",,,
レンズ,レンズ,lens,,,
ろうそく,ろうそく,candle,,蝋燭,
ローマ字,ローマじ,"romanization, Roman letters (alphabet)",,,
録音,ろくおん,(audio) recording,,,
ロッカー,ロッカー,locker,,,
ロビー,ロビー,lobby,,,
～論,～ろん,theory,,,
論ずる,ろんずる,"to argue, to discuss",,,
和～,わ～,Japanese style,,,
～羽,～わ,counter for rabbits; birds,,,
和英,わえい,Japanese-English,,,
我～,わが～,our ~,,,
若々しい,わかわかしい,"youthful, young",,,
詫びる,わびる,to apologize,,,
和服,わふく,Japanese clothes,,,
割合に,わりあいに,comparatively,,,
割算,わりざん,division (math),,,
割引,わりびき,discount,,,
ワンピース,ワンピース,one-piece dress,,,
アイデア; アイディア,アイデア; アイディア,idea,,,
扇ぐ,あおぐ,"to fan, to flap",,,
呆れる,あきれる,"to be shocked, to be appalled",,,
アクセント,アクセント,accent,,,
飽くまで,あくまで,"to the end, to the last, stubbornly",,,
明くる～,あくる～,"next, following",,,
憧れる,憧[あこが]れる,"to long for, to yearn after",,,
朝寝坊,あさねぼう,"oversleeping, late riser",,,
足跡,あしあと,footprint,,,
足元,あしもと,at one's feet,,,
あちらこちら,あちらこちら,here and there,,,
圧縮,圧[あっ]縮[しゅく],"compression, condensation, pressure",,,
宛[あて]名[な],,"address, direction",,,
当てはまる,あてはまる,"to be applicable, to come under (a category)",,,
当てはめる,あてはめる,"to apply, to adapt",,,
あぶる,あぶる,"to scorch, to roast",,,
あふれる,あふれる,"to flood, to overflow",,,
雨戸,あまど,sliding storm door,,,
甘やかす,あまやかす,"to pamper, to spoil",,,
余る,あまる,"to be left over, to be in excess",,,
怪しい,あやしい,"suspicious, dubious, doubtful",,,
有難い,ありがたい,"grateful, thankful, appreciated",,,
アンテナ,アンテナ,antenna,,,
～位,～い,~th place,,,
言い付ける,いいつける,"to tell, to order",,,
意義,いぎ,"meaning, significance",,,
幾～,いく～,several ~,,,
育児,いくじ,"childcare, nursing",,,
生け花,いけばな,flower arrangement,,,
以後,いご,after this; from now on; hereafter,,,
以降,いこう,"on and after, hereafter",,,
イコール,イコール,equal,,,
勇ましい,いさましい,"brave, valiant",,,
衣食住,いしょくじゅう,"food, clothing and shelter",,,
～いち (にほんいち),～いち (にほんいち),No. 1 ~ (in),,,
いちいち,いちいち,"one by one, separately",,,
一流,いちりゅう,"first class, leading",,,
一昨日,いっさくじつ,day before yesterday,,,
一昨年,いっさくねん,year before last,,,
一斉,いっせい,"simultaneous, all at once",,,
一旦,いったん,"once, for a moment",,,
行っていらっしゃい,いっていらっしゃい,"have a nice day, see you",,,
行ってらっしゃい,いってらっしゃい,"have a nice day, see you",,,
いってまいります,いってまいります,"(Lit.) I'll go and come back, 'I'm going, see you later'",,,
いってきます,いってきます,"(Lit.) I'll go and come back, 'I'm going, see you later'",,,
井戸,いど,water well,,,
緯度,いど,latitude (navigation),,,
煎る,いる,to roast,,,
炒る,いる,"to parch, to roast",,,
入れ物,いれもの,"container, case",,,
インキ,インキ,ink,,,
引力,いんりょく,"attraction (mag, grav)",,,
ウエートレス,ウエートレス,waitress,,,
植木,うえき,"garden shrubs, trees, potted plant",,,
飢える,うえる,to starve,,,
浮ぶ,うかぶ,"to float, to rise to surface, to come to mind",,,
浮かべる,うかべる,to float; to express,,,
浮く,うく,to float,,,
承る,うけたまわる,"(humble) to hear, to be told, to know",,,
受取,受[うけ]取[とり],receipt,,,
打[うち]合[あわ]せ,,"business meeting, previous arrangement",,,
うどん,うどん,udon noodles (Japanese traditional noodles),,,
うなずく,うなずく,to nod,,,
裏口,うらぐち,"backdoor, rear entrance",,,
占う,うらなう,"to predict, to divine",,,
恨み,うらみ,resentment,,,
羨む,うらやむ,to envy,,,
売[うり]上[あげ],,"amount sold, proceeds",,,
売り切れ,うりきれ,sold-out,,,
売り切れる,うりきれる,to be sold out,,,
売行き,うれゆき,sales,,,
うろうろ,うろうろ,"loitering, aimless wandering",,,
上～,うわ～,upper ~,,,
運河,うんが,"canal, waterway",,,
英文,えいぶん,sentence in English,,,
英和,えいわ,"English-Japanese (e.g., dictionary)",,,
ええと,ええと,"let me see, well, er...",,,
液体,えきたい,"liquid, fluid",,,
絵の具,えのぐ,"colors, paints",,,
エプロン,エプロン,apron,,,
偉い,えらい,"great, celebrated, remarkable,",,,
園芸,えんげい,"horticulture, gardening",,,
円周,えんしゅう,circumference,,,
遠足,えんそく,"trip, hike, picnic",,,
延長,えんちょう,"extension, prolongation",,,
煙突,えんとつ,chimney,,,
御～,御[おん]～,honorific ~,,,
オイル,オイル,oil,,,
王女,おうじょ,princess,,,
応ずる,応[おう]ずる,"to respond, to comply with",,,
応接,おうせつ,reception,,,
応対,おうたい,"receiving, dealing with",,,
欧米,おうべい,"Europe and America, the West",,,
応[おう]用[よう],,"application, put to practical use",,,
電波,でんぱ,electro-magnetic wave,,,
テンポ,テンポ,tempo,,,
電流,でんりゅう,electric current,,,
問い合わせ,といあわせ,inquiry,,,
～島,～とう,kind of islands,,,
銅,どう,copper,,,
～道,～どう,"kind of path, road",,,
どういたしまして (かん),どういたしまして (かん),"you are welcome, don't mention it",,,
同格,どうかく,"the same rank, equality, apposition",,,
峠,とうげ,"ridge, (mountain) pass, difficult part",,,
統計,とうけい,"scattering, a scatter, dispersion",,,
動作,どうさ,"action, movements, motions",,,
東西,とうざい,"East and West, whole country",,,
当日,とうじつ,"appointed day, very day",,,
投書,とうしょ,"letter to the editor, letter from a reader, contribution",,,
登場,とうじょう,entry (on stage),,,
灯台,とうだい,lighthouse,,,
当[とう]番[ばん],,being on duty,,,
等分,とうぶん,division into equal parts,,,
透明,とうめい,"transparency, cleanness",,,
灯油,とうゆ,"lamp oil, kerosene",,,
童話,どうわ,fairy tale,,,
～通り,～とおり,"in accordance with ~; following ~; ~ street, ~ avenue",,,
通り掛かる,とおりかかる,to happen to pass by,,,
尖る,とがる,"to taper to a point, to become sharp",,,
特殊,とくしゅ,"special, unique",,,
特色,特[とく]色[しょく],"characteristic, feature",,,
特売,とくばい,special sale,,,
溶け込む,とけこむ,to melt into; to become a part of,,,
退ける,退[ど]ける,"to dislodge, to put something out of the way",,,
床の間,とこのま,alcove,,,
～ところ,～ところ,about to do ~,,,
戸棚,とだな,"cupboard, cabinet",,,
どっと,どっと,suddenly,,,
整う,ととのう,"to be prepared, to be in order, to be arranged",,,
留まる,とどまる、とまる,"to be fixed; to abide, to stay (in the one place)",,,
殿,どの,Mister (mostly in addressing someone on an envelope),,,
ともかく,ともかく,"anyhow, at any rate, anyway",,,
捕える,とらえる,"to seize, to capture, to arrest",,,
採る,採[と]る,"to adopt (measure, proposal); to pick (fruit)",,,
捕る,とる,"to take, to catch (fish)",,,
丼,どんぶり,"porcelain bowl, bowl of rice with food on top",,,
～内,～ない,inside ~,,,
内線,ないせん,phone extension,,,
ナイロン,ナイロン,nylon,,,
長～,なが～、ちょう～,long ~,,,
長引く,ながびく,"to be prolonged, to drag on",i,,
中指,なかゆび,middle finger,,,
為す,なす,"to accomplish, to do",,,
謎謎,なぞなぞ,riddle,,,
傾らか,なだらか,"gradual, gentle",,,
撫でる,なでる,"to brush gently, to stroke",,,
斜め,ななめ,"diagonal, oblique",,,
なにしろ,なにしろ,"at any rate, in any case",,,
何々,なになに,"such and such, What?",,,
何分,何[なに]分[ぶん],"by all means, please",,,
並木,なみき,"roadside tree, row of trees",,,
倣う,ならう,"to imitate, to follow, to emulate",,,
南極,なんきょく,"south pole, Antarctic",,,
なんとなく,なんとなく,"somehow or other, for some reason or another",,,
なんとも,なんとも,"nothing (with neg. verb), quite, not a bit",,,
ナンバー,ナンバー,number,,,
南米,なんべい,South America,,,
南北,なんぼく,south and north,,,
匂う,におう,"to be fragrant, to smell",,,
逃がす,にがす,"to let loose, to set free, to let escape",,,
～難い,～がたい,hard (difficult) to do ~,,,
濁る,にごる,"to become muddy, to get cloudy",,,
虹,にじ,rainbow,,,
日時,にちじ,date and time,,,
日用品,にちようひん,daily necessities,,,
日課,にっか,"daily work, daily routine",,,
女房,にょうぼう,wife,,,
睨[にら]む,,"to glare at, to stare; to keep an eye on",,,
俄,にわか,"sudden, abrupt, unexpected",,,
ねじ,ねじ,(a) screw,,,
捩る,ねじる,to twist,,,
ネックレス,ネックレス,necklace,,,
寝間着,ねまき,"sleep-wear, pajamas",,,
狙い,ねらい,aim,,,
狙う,ねらう,to aim at,,,
～年生,～ねんせい,counter for school year,,,
年度,ねんど,"year, fiscal year",,,
農産物,のうさんぶつ,agricultural produce,,,
農村,のうそん,agricultural community,,,
濃度,のうど,"concentration, density",,,
農薬,のうやく,agricultural chemicals,,,
のこぎり,のこぎり,saw,,,
残らず,のこらず,"completely, without exception",,,
上り,のぼり,"up-train (going to Tokyo), ascent",,,
糊,のり,"glue, paste, starch",,,
乗換,のりかえ,"a transfer (e.g., trains, buses)",,,
乗り越し,のりこし,riding past (one's station),,,
呑気,呑[のん]気[き],"carefree, optimistic, careless",,,
はい (かん),はい (かん),yes,,,
灰色,はいいろ,"grey, ashen",,,
俳句,はいく,haiku poetry,,,
バイバイ,バイバイ,bye bye,,,
売買,ばいばい,"trade, buying and selling",,,
這う,はう,"to creep, to crawl",,,
剥す,はがす,"to tear off, to peel off, to rip off",,,
ばからしい,ばからしい,absurd,,,
秤,はかり,"scales, weighing machine",,,
～泊,～はく,"counter for staying (e.g., 2 nights)",,,
歯車,はぐるま,"gear, cog-wheel",,,
バケツ,バケツ,"bucket, pail",,,
挟まる,はさまる,"to get between, to be caught in",,,
挟む,挟[はさ]む,to pinch; to hold between; to insert,,,
梯子,はしご,"ladder, stairs",,,
始めに,はじめに,"to begin with, first of all",,,
初めに,はじめに,"to begin with, first of all",,,
はじめまして,はじめまして,"How do you do, I am glad to meet you",,,
斜,はす,diagonal,,,
パターン,パターン,pattern,,,
肌着,はだぎ,underwear,,,
果して,はたして,"as was expected, really",,,
鉢,はち,"a bowl, a pot",,,
×,ばつ,cross,,,
発揮,はっき,"exhibition, demonstration, display",,,
バック,バック,back,,,
発電,はつでん,"generation (e.g., power)",,,
発売,はつばい,sale,,,
話合い,はなしあい,"discussion, talk",,,
話し掛ける,話[はな]し 掛[か]ける,"to accost a person, to talk (to someone)",,,
話中,話[はなし]中[ちゅう],"while talking, the line is busy",,,
甚だしい,甚[はなは]だしい,"extreme, excessive, terrible",,,
花火,はなび,fireworks,,,
ばね,ばね,"spring (e.g., coil, leaf)",,,
破片,はへん,"fragment, broken piece",,,
歯磨き,はみがき,"toothbrushing, toothpaste",,,
はめる,,"(col) to get in, to insert, to put on",,,
早口,はやくち,fast-talking,,,
払い戻す,はらいもどす,"to repay, to pay back",,,
針金,はりがね,wire,,,
反映,はんえい,"reflection, influence",,,
半径,はんけい,radius,,,
判子,はんこ,seal (used for signature),,,
万歳,ばんざい,"banzai, Long live ~!",,,
判事,はんじ,"judge, justice",,,
番地,ばんち,"house number, address",,,
パンツ,パンツ,underpants,,,
バンド,バンド,band,,,
ハンドル,ハンドル,"handle, steering wheel",,,
～番目,～ばんめ,~th,,,
日当たり,ひあたり,"exposure to the sun, sunny place",,,
比較的,ひかくてき,comparatively; relatively,,,
日陰,日[ひ]陰[かげ],shadow,,,
引受る,ひきうける,"to undertake, to take up, to take over",,,
引算,ひきざん,subtraction,,,
卑怯,ひきょう,"cowardice, meanness, unfairness",,,
引分け,ひきわけ,"a draw (in competition), tie game",,,
陽射,ひざし,"sunlight, rays of the sun",,,
肘,ひじ,elbow,,,
ピストル,ピストル,pistol,,,
ぴたり,ぴたり,exactly; close-fitting,,,
引っ掛かる,引[ひ]っ 掛[か]かる,"to be caught in, to be stuck in",,,
筆記,ひっき,"note taking, writing",,,
引っ繰り返る,ひっくりかえる,"to be overturned, to be upset, to topple over, to be reversed",,,
必需品,必[ひつ]需[じゅ]品[ひん],"necessities, essential",,,
一～,ひと～,one ~,,,
人差指,ひとさしゆび,index finger,,,
一通り,ひととおり,"general, briefly",,,
人通り,人[ひと]通[どお]り,pedestrian traffic,,,
瞳,ひとみ,pupil (of eye),,,
一休み,ひとやすみ,a rest,,,
独り言,ひとりごと,"a soliloquy, a monologue, speaking to oneself",,,
ひとりでに,ひとりでに,"by itself, automatically, naturally",,,
ビニール,ビニール,vinyl,,,
日日,ひにち,date,,,
捻る,ひねる,"to twist, to turn",,,
日の入り,ひのいり,sunset,,,
日の出,ひので,sunrise,,,
響き,ひびき,"echo, sound",,,
響く,ひびく,to resound; to affect,,,
皮膚,ひふ,skin,,,
ひゃっかじてん,ひゃっかじてん,encyclopedia,,,
～病,～びょう,kind of disease,,,
表紙,ひょうし,"front cover, binding",,,
標識,標[ひょう]識[しき],"sign, mark",,,
標準,ひょうじゅん,"standard, level",,,
ビルディング,ビルディング,building,,,
昼寝,ひるね,"nap (at home), siesta",,,
広さ,ひろさ,extent,,,
広々,ひろびろ,"extensive, spacious",,,
ピンク,ピンク,pink,,,
便箋,びんせん,"writing paper, stationery",,,
瓶詰,びんづめ,"bottling, bottled",,,
～部,～ぶ,~ part,,,
ファスナー,ファスナー,"fastener, zipper",,,
風船,ふうせん,balloon,,,
不運,不[ふ]運[うん],"unlucky, misfortune, bad luck",,,
付近,ふきん,"neighborhood, vicinity",,,
副詞,ふくし,adverb,,,
複写,ふくしゃ,"copy, duplicate",,,
複数,ふくすう,"plural, multiple",,,
膨らます,ふくらます,"to swell, to expand, to inflate",,,
更ける,ふける,"to get late, to wear on",,,
符号,ふごう,"sign, mark, symbol",,,
夫妻,ふさい,"man and wife, married couple",,,
塞がる,ふさがる,"to be plugged up, to be shut up",,,
塞ぐ,ふさぐ,"to stuff, to close up, to block (up)",,,
無沙汰,ぶさた,neglecting to stay in contact,,,
部首,部[ぶ]首[しゅ],radical (of a kanji character),,,
襖,ふすま,sliding screen,,,
附属,ふぞく,"attached, belonging, affiliated",,,
蓋,蓋[ふた],"cover, lid, cap",,,
物騒,物[ぶっ]騒[そう],"dangerous, disturbed, insecure",,,
船便,船[ふな]便[びん],surface mail (ship),,,
父母,ふぼ,"father and mother, parents",,,
麓,ふもと,"the foot, the bottom, the base (of a mountain)",,,
フライパン,フライパン,"fry pan, frying pan",,,
ブラウス,ブラウス,blouse,,,
ぶらさげる,ぶらさげる,"to hang, to suspend, to swing",,,
プラットホーム,プラットホーム,platform,,,
～振り,～ 振[ぶ]り,after an interval of ~,,,
フリー,フリー,free,,,
振り仮名,振[ふ]り 仮[が]名[な],pronunciation key,,,
プリント,プリント,"print, handout",,,
故郷,ふるさと,"home town, birthplace",,古里,
振舞う,ふるまう,"to behave, to conduct",,,
ブローチ,ブローチ,brooch,,,
風呂敷,ふろしき,"wrapping cloth, cloth wrapper",,,
ふわふわ,ふわふわ,"light, soft",,,
分解,ぶんかい,"analysis, disassembly",,,
文芸,ぶんげい,"literature, art and literature",,,
文献,ぶんけん,"literature, books (reference)",,,
噴水,噴[ふん]水[すい],water fountain,,,
分数,ぶんすう,fraction (in math),,,
文体,ぶんたい,literary style,,,
分布,ぶんぷ,distribution,,,
文房具,ぶんぼうぐ,stationery,,,
文脈,ぶんみゃく,context,,,
分量,ぶんりょう,"amount, quantity",,,
分類,ぶんるい,classification,,,
閉会,へいかい,closure,,,
並行,へいこう,"(going) side by side, concurrent, at the same time",,,
平日,へいじつ,weekday,,,
兵隊,へいたい,soldier,,,
平凡,へいぼん,"common, ordinary",,,
凹む,へこむ,"to be dented, to be indented",,,
へそ,へそ,"navel, belly-button",,,
隔てる,へだてる,to be shut out,,,
別々,べつべつ,"separately, individually",,,
ヘリコプター,ヘリコプター,helicopter,,,
～遍,～へん,time,,,
～弁,～べん,"speech, dialect",,,
編集,へんしゅう,"editing, compilation, editorial (e.g., committee)",,,
便[べん]所[じょ],,"toilet, lavatory",,,
ペンチ,ペンチ,pliers (lit: pinchers),,,
～歩,～ほ,"step, pace",,,
～ぽい,～ぽい,~ish,,,
～ほう (ひかく),～ほう (ひかく),(in comparison),,,
防～,ぼう～,~ prevention,,,
望遠鏡,ぼうえんきょう,telescope,,,
方角,ほうがく,"direction, way",,,
箒,ほうき,broom,,,
方言,ほうげん,dialect,,,
坊さん,ぼうさん,"Buddhist priest, monk",,,
防止,防[ぼう]止[し],"prevention, check",,,
方針,ほうしん,"objective, plan, policy",,,
法則,ほうそく,"law, rule",,,
膨大,ぼうだい,"enormous, extensive",,,
包丁,ほうちょう,"kitchen knife, carving knife",,,
方程式,ほうていしき,equation,,,
防犯,ぼうはん,prevention of crime,,,
方面,ほうめん,direction; area,,,
坊や,ぼうや,boy,,,
放る,ほうる,"to throw, toss<br>Neglect, abandon",t,,
朗らか,ほがらか,"bright, cheerful, melodious",,,
牧場,ぼくじょう,farm (livestock); pasture land,,,
牧畜,ぼくちく,stock-farming,,,
保健,ほけん,"health preservation, hygiene, sanitation",,,
ポスター,ポスター,poster,,,
北極,ほっきょく,North Pole,,,
坊っちゃん,ぼっちゃん,son (of others),,,
掘る,[ほ],to dig; to excavate; to hollow<br>to delve into<br>to dig up (e.g. vegetables)<br>(for two men) to have anal sex,,,
ぼろ,ぼろ,"rag, tattered clothes",,,
盆,ぼん,Festival of the Dead; tray,,,
ほんの～,ほんの～,"mere, just",,,
本部,ほんぶ,headquarters,,,
本来,ほんらい,"essentially, naturally, by nature",,,
まあまあ,まあまあ,okay; so-so; decent,,,
毎～,まい～,every ~,,,
枚数,枚[まい]数[すう],the number of flat things,,,
毎度,まいど,"each time, common service-sector greeting",,,
枕,まくら,pillow,,,
曲げる,まげる,"to bend, to crook, to lean",,,
まごまご,まごまご,"confused, be at a loss",,,
摩擦,まさつ,friction; rubbing; chafe,,,
マスク,マスク,mask,,,
またぐ,またぐ,to straddle,,,
待合室,まちあいしつ,waiting room,,,
街角,まちかど,street corner,,,
真っ黒,まっくろ,pitch black,,,
真っ青,まっさお,"deep blue, ghastly pale",,,
真っ先,まっさき,"foremost, beginning",,,
真っ白,まっしろ,pure white,,,
祭る,まつる,"to deify, to enshrine",,,
窓口,まどぐち,(ticket) window,,,
真似る,まねる,"to mimic, to imitate",,,
まぶた,まぶた,eyelids,,,
マフラー,マフラー,a winter scarf,,,
間も無く,まもなく,"soon, in a short time",,,
マラソン,マラソン,marathon,,,
稀,まれ,"rare, seldom",,,
回り道,まわりみち,detour,,,
マンション,マンション,"multistory apartment house, condominium",,false cognate,
満点,まんてん,perfect score,,,
見掛け,みかけ,outward appearance,,,
三日月,みかづき,crescent moon,,,
みじめ,みじめ,"sad, pitiful, wretched",,,
水着,みずぎ,bathing suit (woman's),,,
店屋,みせや,"store, shop",,,
～みたい,～みたい,looks like ~,,,
道順,みちじゅん,"itinerary, route",,,
見詰める,みつめる,"to stare at, to gaze at",,,
醜い,みにくい,ugly,,,
身分,みぶん,"position, status",,,
見本,見[み]本[ほん],sample,,,
見舞う,みまう,"to ask after (health), to visit",,,
未満,みまん,"less than, insufficient",,,
名字,名[みょう]字[じ],"surname, family name",,,
ミリ (メートル),ミリ (メートル),milli-,,,
民間,みんかん,"private, civilian",,,
民主～,みんしゅ～,democratic,,,
民謡,みんよう,"folk song, popular song",,,
～向け,～むけ,for ~,,,
無限,むげん,infinite,,,
無地,むじ,plain,,,
矛盾,矛[む]盾[じゅん],"contradiction, inconsistency",,,
無数,むすう,"countless number, infinite number",,,
紫,むらさき,"purple color, violet",,,
姪,めい,niece,,,
～名,～ 名[めい],counter for people,,,
命ずる,めいずる,"to command, to appoint",,,
迷信,めいしん,superstition,,,
名物,めいぶつ,"famous product, special product, speciality",,,
銘々,めいめい,"each, individual",,,
恵まれる,恵[めぐ]まれる,"to be blessed with, to be rich in",,,
目覚し,めざまし,alarm-clock,,,
目印,めじるし,"mark, sign, landmark",,,
目立つ,めだつ,"to be conspicuous, to stand out",,,
めでたい,めでたい,"happy, propitious, joyous",,,
目安,めやす,"criterion, aim",,,
免税,めんぜい,tax exemption,,,
面倒臭い,めんどうくさい,"bother to do, tiresome",,,
儲かる,もうかる,"to be profitable, to yield a profit",,,
儲ける,もうける,"to earn, to have (bear, beget) a child",,,
モーター,モーター,motor,,,
木材,もくざい,"lumber, timber, wood",,,
潜る,もぐる,"to drive, to pass through; to evade, to hide",,,
モダン,モダン,modern,,,
餅,もち,sticky rice cake,,,
～もち,～もち,person who has ~,,,
モデル,モデル,a fashion model,,,
元々,もともと,"originally, by nature, from the start",,,
物置,ものおき,storage room,,,
物語る,ものがたる,"to tell, to indicate",,,
物差し,ものさし,"ruler, measure",,,
物凄い,ものすごい,"earth-shattering, staggering, to a very great extent",,,
揉む,もむ,"to rub, to crumple (up), to wrinkle",,,
催し,催[もよお]し,"event, festivities, function",,,
盛る,もる,to serve (food); to fill up; to prescribe,,,
～問,～もん,counter for questions,,,
問答,もんどう,"questions and answers, dialogue",,,
～夜,～や,counter for nights,,,
夜間,夜[や]間[かん],"at night, nighttime",,,
やかん,やかん,kettle,,,
役所,やくしょ,"government office, public office",,,
役人,やくにん,government official,,,
薬品,やくひん,"medicine(s), chemical(s)",,,
火傷,やけど,"burn, scald",,,
夜行,やこう,"night train, night travel",,,
矢印,やじるし,directing arrow,,,
やたらに,やたらに,"randomly, recklessly, blindly",,,
やっつける,やっつける,"to attack (an enemy), to beat, to finish off",,,
家主,やぬし,landlord,,,
やっぱり,やっぱり,"after all, anyway",,,
破く,やぶく,to tear,,,
軟らかい,やわらかい,"soft, tender, limp",,,
遊園地,ゆうえんち,amusement park,,,
郵送,ゆうそう,mailing,,,
夕[ゆう]日[ひ],,"(in) the evening sun, setting sun",,,
悠々,ゆうゆう,"quiet, calm, leisurely",,,
有料,ゆうりょう,"admission-paid, toll",,,
浴衣,ゆかた,"bathrobe, informal summer kimono",,,
湯気,ゆげ,steam,,,
輸血,輸[ゆ]血[けつ],blood transfusion,,,
輸送,ゆそう,"transport, transportation",,,
油断,ゆだん,"negligence, unpreparedness",,,
緩い,ゆるい,"loose, lenient, slow",,,
溶岩,ようがん,lava,,,
用語,ようご,"term, terminology",,,
要旨,ようし,"gist, essentials, summary",,,
幼児,ようじ,"infant, baby, child",,,
容積,ようせき,"capacity, volume",,,
幼稚,ようち,"infancy, childish, infantile",,,
洋品店,ようひんてん,clothes store,,,
養分,ようぶん,"nourishment, nutrient",,,
羊毛,ようもう,wool,,,
漸く,ようやく,"at last, finally, hardly",,,
翌～,よく～,next ~,,,
欲張り,よくばり,greedy,,,
よこす,よこす,"to send, to forward; to hand over (e.g., money)",,,
余所,よそ,"another place, somewhere else, strange parts",,,
四つ角,よつかど,"four corners, crossroads",,,
予備,よび,"preparation, spare",,,
呼び掛ける,よびかける,"to call out to, to accost, to address (crowd), to appeal",,,
蘇る,よみがえる,"to be resurrected, to be revived",,,
慶ぶ,よろこぶ,"to be delighted, to be glad",,,
～等,～ら,plural persons,,,
来日,らいにち,"coming to Japan, visit to Japan",,,
落第,らくだい,"failure, dropping out of a class",,,
欄,らん,"column of text (e.g., as in a newspaper)",,,
ランチ,ランチ,lunch,,,
ランニング,ランニング,running; tank top,,,
理科,りか,science,,,
短期,たんき,short term,,,
炭鉱,炭[たん]鉱[こう],"coal mine, coal pit",,,
たんす,たんす,chest of drawers,,,
淡水,たんすい,fresh water,,,
断水,断[だん]水[すい],water outage,,,
単数,たんすう,singular (number),,,
団地,だんち,housing complex,,,
断[だん]定[てい],,"conclusion, decision",,,
短編,たんぺん,"short (e.g., story, film)",,,
近付ける,ちかづける,"to bring near, to put close, to let come near",,,
近寄る,ちかよる,"to approach, to draw near",,,
力強い,ちからづよい,"powerful, strong, vigorous",,,
ちぎる,ちぎる,"to cut up fine, to pick (fruit)",,,
地質,ちしつ,geological features,,,
地帯,ちたい,"area, zone",,,
縮める,ちぢめる,"to shorten, to reduce, to shrink",,,
縮れる,ちぢれる,"to be wavy, to be curled",,,
チップ,チップ,"gratuity, tip; chip",,,
地点,ちてん,"site, point on a map",,,
地名,ちめい,place name,,,
茶色い,ちゃいろい,brown,,,
～着,～ちゃく,counter for clothes; finishing place,,,
着々,ちゃくちゃく,steadily,,,
中間,ちゅうかん,"middle, midway, interim",,,
抽象,ちゅうしょう,abstract,,,
中世,ちゅうせい,"Middle Ages, medieval times",,,
中性,ちゅうせい,"neuter gender, neutral",,,
中途,ちゅうと,"in the middle, half-way",,,
中年,ちゅうねん,middle-aged,,,
～庁,～ちょう,"office, agency",,,
～兆,～ちょう,trillion,,,
～長,～ちょう,"leader, head",,,
超過,ちょうか,"excess, being more than",,,
彫刻,ちょうこく,"carving, engraving, sculpture",,,
長女,ちょうじょ,eldest daughter,,,
調節,ちょうせつ,"regulation, adjustment, control",,,
長短,ちょうたん,"length, long and short, +-",,,
頂点,ちょうてん,"top, summit",,,
長男,ちょうなん,eldest son,,,
～丁目,～ちょうめ,"~ district (of a town; city, block)",,,
チョーク,チョーク,chalk,,,
直後,ちょくご,immediately following,,,
直線,ちょくせん,straight line,,,
直前,ちょくぜん,just before,,,
直通,ちょくつう,direct connection,,,
直流,ちょくりゅう,direct current,,,
貯蔵,ちょぞう,"storage, preservation",,,
直角,ちょっかく,right angle,,,
直径,直[ちょっ]径[けい],diameter,,,
散らかす,ちらかす,"to scatter around, to leave untidy",t,,
塵紙,塵[ちり]紙[がみ],"tissue paper, toilet paper",,,
ついで,ついで,"opportunity, occasion",,,
～通,～つう,counter for letters,,,
通ずる,つうずる,"to lead, to run, to open",,,
通知,つうち,"notice, notification",,,
通帳,つうちょう,bankbook,,,
通用,つうよう,"popular use, circulation",,,
通路,通[つう]路[ろ],"passage, pathway",,,
～付,～つき,with ~,,,
突き当たり,つきあたり,"end (e.g., of street)",,,
突き当たる,つきあたる,"to run into, to collide with",,,
～続く,～つづく,"follow, continue, go on",,,
突っ込む,つっこむ,"to plunge into, to stick into",,,
務める,つとめる,"to serve, to act",,,
努める,つとめる,"to try, to aim",,,
綱,綱[つな],rope,,,
繋がり,つながり,"connection, link, relationship",,,
粒,つぶ,grain,,,
潰す,つぶす,"to smash, to waste",,,
潰れる,潰[つぶ]れる,"to be smashed, to go bankrupt",,,
つまずく,つまずく,"to stumble, to trip",,,
詰まる,つまる,"to be blocked, to be packed",,,
爪,つめ,fingernail or toenail,,,
艶,つや,"gloss, glaze",,,
～辛い,～づらい,hard to do ~,,,
釣り合う,釣[つ]り 合[あ]う,"to balance, to be in harmony, to suit",,,
吊る,つる,"to hang, suspend",t,,
吊るす,吊[つ]るす,to hang,t,,
手洗い,てあらい,"restroom, lavatory",,,
定価,ていか,established price,,,
定休日,ていきゅうび,regular holiday,,,
停止,ていし,"suspension, interruption, stoppage",,,
出入り,でいり,"in and out, coming and going",,,
出入口,でいりぐち,exit and entrance,,,
手入れ,ていれ,"repairs, maintenance",,,
テーマ,テーマ,"theme, project, topic (GER: Thema)",,,
～滴,～てき,drop,,,
出来上がり,できあがり,"be finished, ready",,,
的確,てきかく,"precise, accurate",,適確,
手首,手[て]首[くび],wrist,,,
凸凹,でこぼこ,"unevenness, roughness, ruggedness",,,
手頃,てごろ,"moderate, handy",,,
弟子,でし,"pupil, disciple, apprentice",,,
手帳,てちょう,notebook,,,
鉄橋,鉄[てっ]橋[きょう],iron bridge,,,
鉄砲,鉄[てっ]砲[ぽう],gun,,,
テニスコート,テニスコート,tennis court,,,
手拭い,てぬぐい,(hand) towel,,,
手前,てまえ,"before, this side",,,
出迎え,でむかえ,"meeting, reception",,,
照らす,てらす,"to shine on, to illuminate",,,
照る,てる,to shine,,,
～点,～てん,counter for scores,,,
展開,てんかい,"develop, expansion (opposite of compression)",,,
伝記,でんき,"biography, life story",,,
電球,でんきゅう,light bulb,,,
点数,てんすう,"marks, points, score",,,
電池,でんち,battery,,,
点々,てんてん,"here and there, little by little",,,
転々,てんてん,from one to another,,,
電柱,でんちゅう,"telephone pole, telegraph pole, light pole",,,
ほんわか,ほんわか,wholesome,,,
原因,原[げん]因[いん],cause; origin; source,,,
発言,発[はつ]言[げん],statement; remark; observation; utterance; speech; proposal​,,,
開催,開[かい]催[さい],"holding (a conference, exhibition, etc.); opening; hosting (e.g. the Olympics)​",,,
偶に,偶[たま]に,occasionally; once in a while; now and then; rarely; seldom,,,
継ぐ,継[つ]ぐ,to inherit; to take over; to succeed,t,,
地元[,地[じ]元[もと],home area; home town​,,,
倒れる,倒[たお]れる,"to be confined to bed (with an illness); to come down with; to break down (e.g. from overwork)​<br>to fall (over, down); to collapse; to take a fall; to topple",i,,
待遇,待[たい]遇[ぐう],treatment; reception; service​: used as suffix<br>working conditions; salary; pay; remuneration​<br>benefits,suru,,
呼吸,呼[こ]吸[きゅう],breathing,suru,,
認識,認[にん]識[しき],"cognition, awareness",,,
触る,触[さわ]る,to touch; to feel,,,
必然,必[ひつ]然[ぜん],inevitable; necessary; certain,,,
複雑,複[ふく]雑[ざつ],complex; complicated; intricate,,,
単純,単[たん]純[じゅん],simple; plain; uncomplicated; straightforward​,,,
無職,無[む]職[しょく],unemployed; jobless,,,
提出,提[てい]出[しゅつ],"presentation, submission (of documents)",,,
技術,技[ぎ]術[じゅつ],technology; engineering​,,,
燃費,燃[ねん]費[ぴ],fuel consumption; gas mileage,,,
暮らす,暮[く]らす,to live; to get along;​to spend (time)​,,,
連れる,連[つ]れる,to take (someone) with one; to bring along; to go with; to be accompanied by​,t,,
環境,環[かん]境[きょう],environment; circumstance,,,
原則,原[げん]則[そく],principle; general rule<br>as a rule; in principle; in general　（ として）,,,
手術,手[しゅ]術[じゅつ],surgery; operation; procedure,suru,,
もったいない,,wasteful; a waste,,,
特技,特[とく]技[ぎ],special skill,,,
特徴,特[とく]徴[ちょう],feature; trait; characteristic,,,
維持,維[い]持[じ],maintenance; preservation; improvement,,,
 コツコツ,コツコツ,unflaggingly; steadily; untiringly; laboriously,,,
受身,受[うけ]身[み],the defensive、passive attitude; passivity; passiveness​<br>passive voice​,,,
実際,実[じっ]際[さい],truly; really; indeed; actually​<br>reality; actuality; truth; fact,,,
部分,部[ぶ]分[ぶん],portion; section; part​,,,
時間帯,時[じ]間[かん]帯[たい],period of time; time slot; time zone​,,,
摂氏,摂[せっ]氏[し],Celsius; centigrade,,,
~差,~ 差[さ],difference; variation (suffix),,,
発祥,発[はっ]祥[しょう],origin​,する,,
典型的,典[てん]型[けい]的[てき],typical; representative; archetypal; quintessential; stereotypical; model​,,,
済ませる,済[す]ませる,to finish; to make an end of; to get through with; to let end​,,,
免疫,免[めん]疫[えき],immunity; immunization,,,
集団,集[しゅう]団[だん],group; mass,,,
状況,状[じょう]況[きょう],state of affairs (around you); situation; circumstances,,,
遠近法,遠[えん]近[きん]法[ほう],perspective,,,
注射,注[ちゅう]射[しゃ],injection; jab; shot,"t, する",,
支持,支[し]持[じ],support; backing; endorsement; approval,"t, suru",,
報告,報[ほう]告[こく],report; information​,"t, する",,
遠慮,遠[えん]慮[りょ],reserve; constraint; restraint; modesty; diffidence; hesitation; holding back; discretion; tact; thoughtfulness,する,,
脳,脳[のう],brain,,,
宣言,宣[せん]言[げん],declaration; proclamation; announcement,する,,
安定,安[あん]定[てい],stability; steadiness; equilibrium,,,
途上国,途[と]上[じょう]国[こく],developing country,,,
協力,協[きょう]力[りょく],cooperation; collaboration,する,,
貿易&nbsp; &nbsp; &nbsp; &nbsp;,貿[ぼう]易[えき],trade (foreign)​,,,
民主主義,民[みん]主[しゅ]主[しゅ]義[ぎ],democracy​,,,
玉蜀黍,玉蜀黍[とうもろこし],maize,,,
望む,望[のぞ]む,"to desire, wish for, expect",,,
相応しい,相応[ふさわ]しい,"appropriate, adequate, suitable, fitting, worthy",,,
感触,感[かん]触[しょく],"feel (i.e. tactile sensation); touch; feeling; sensation; texture (e.g. food, cloth)​",suru,,
埃,埃[ほこり],dust,,,
唐辛子&nbsp; &nbsp; &nbsp; &nbsp;,唐[とう]辛[がら]子[し],red pepper,,,
粉,粉[こな],flour,,,
国境,国[こっ]境[きょう],national border,,,
地域,地[ち]域[いき],area; region​,,,
生息地,生[せい]息[そく]地[ち],habitat,,,
脂肪,脂[し]肪[ぼう],"fat, grease",,,
熱中症,熱[ねっ]中[ちゅう]症[しょう],heatstroke,,,
募金,募[ぼ]金[きん],fund-raising; collection of funds,,,
支援,支[し]援[えん],support; backing; aid; assistance​,,,
教育&nbsp;,教[きょう]育[いく],education; schooling; training;,n,,
難&nbsp;,難[なん],difficulty; trouble; hardship,,,
食糧難,食[しょく]糧[りょう]難[なん],food shortage,,,
出席,出[しゅっ]席[せき],attendance,,,
改札,改[かい]札[さつ],"examination of tickets, ticket gate",suru,,
同音異義語,同[どう]音[おん]異[い]義[ぎ]語[ご],homophone,,,
材料,材[ざい]料[りょう],"ingredients, material",,,
満足,満[まん]足[ぞく],"satisfaction, sufficient",,,
努力,努[ど]力[りょく],effort; exertion; endeavour,"i, suru",,
箱,箱[はこ],box,,,
特定,特[とく]定[てい],specific; particular;,,,
干ばつ,干[かん]ばつ,<div> <div>drought<br>  </div></div>,,,
警報,警[けい]報[ほう],alarm; warning,,,
断食,断[だん]食[じき],fasting,,,
祝う,祝[いわ]う,<div> <div>to celebrate; to congratulate<br>  </div></div>,t,,
刑務所,刑[けい]務[む]所[しょ],prison,,,
団体,団[だん]体[たい],organization; association​,,,
信憑性,信[しん]憑[ぴょう]性[せい],authenticity; credibility,,,
会員制,会[かい]員[いん]制[せい],membership-based​,,,
段階,段[だん]階[かい],grade; level; stage; class; phase,,,
磁気,磁[じ]気[き],magnetism​,,,
磁石,磁石[じしゃく],magnet​,,,
西洋,西[せい]洋[よう],West,,,
先進国,先[せん]進[しん]国[こく],developed country,,,
曖昧,曖[あい]昧[まい],"vague, ambiguous, unclear",,,
勤勉,勤[きん]勉[べん],"diligent, industrious",,,
衛生,衛[えい]生[せい],"hygiene, sanitation",,,
うつ病,うつ 病[びょう],depression,,,
貧しい,貧[まず]しい,poor,,,
裕福,裕[ゆう]福[ふく],"wealthy, rich",,,
平等,平[びょう]等[どう],equality,,,
抑止,抑[よく]止[し],"check, stave off, control",,,
つながる,つながる,"to be tied together, connected to, linked to (I)",,,
階層,階[かい]層[そう],"class, hierarchy",,,
駐車,駐[ちゅう]車[しゃ],parking,,,
囚人,囚[しゅう]人[じん],prisoner,,,
脱却,脱[だっ]却[きゃく],"overcome, outgrow, rid oneself, free oneself",する,,
誇張,誇[こ]張[ちょう],exaggeration,,,
胡散臭い,胡[う]散[さん]臭[くさ]い,"suspicious, shady, questionable",,,
先延ばし,さきのばし,procrastination,,,
信用,信[しん]用[よう],confidence,,,
損,損[そん],"loss, harm",,,
こだわる,こだわる,"<span class=""meaning-meaning"">to be obsessive about; to be fixated on</span><span>​, </span>t<span class=""meaning-meaning"">o fuss over; to be particular about</span><span>​</span>",i,,
"<span class=""text"">事情</span>",事[じ]情[じょう],"<div><span class=""furigana""><span class=""meaning-meaning"">circumstances; conditions; situation; reasons; state of affairs</span><span>​</span></span></div>",,,
"<span class=""hilite_1"" style="""">くぐる</span>",くぐる,"<span class=""meaning-meaning"">to go under; to pass under; to go through; to pass through<br></span>",i,,
"<span class=""text"">屋台</span>",屋[や]台[たい],"<div><span class=""furigana""><span class=""meaning-meaning"">cart (esp. a food cart); stall; stand</span><span>​</span></span></div>",,,
競馬場,競[けい]馬[ば]場[じょう],racetrack,,,
水玉,水[みず]玉[たま],<div>polka dots<br></div>,,,
被害を与える,被[ひ]害[がい]を 与[あた]える,<div>suffering damage or harm<br></div>,,,
営む,（いとな）む,"to operate, to run (a business)",,,
分担,分[ぶん]担[たん],"to allocate, divide (work, expenses)",する,,
提供する,ていきょう,"offer, provide, sponsor",,,
存続する,そんぞく,persist,,,
より良い,よりよい,better,,,
見放す,みはなす,"abandon, give up on",,,
円滑に,えんかつに,smoothly,,,
拠点,拠[きょ]点[てん],"base (of operations), hub (of activity)",,,
人権侵害,じんけんしんがい,human rights violations,,,
株主,かぶぬし,shareholder(s),,,
子会社,こがいしゃ,subsidiary (company),,,
法人,ほうじん,corporate body; corporation,,,
合名会社,ごうめいがいしゃ,unlimited partnership company,,,
合資会社,ごうしがいしゃ,limited partnership,,,
合同会社,ごうどうがいしゃ,limited liability company (company structure for small businesses),,,
取締役会,とりしまりやくかい,board of directors,,,
対価,たいか,compensation (for something done); value/price of something,,,
不正行為,ふせいこうい,an illegal act; misconduct,,,
見る目,みるめ,the looks/public opinions of others,,,
定着率,ていちゃくりつ,retention rate; stability,,,
新卒採用,しんそつさいよう,the act of employing new graduates,,,
多岐,たき,"digression, divergence",,,
従業員,じゅうぎょういん,employee,,,
倒産,とうさん,bankrupcy,,,
配慮,はいりょ,"consideration, concern, attention",,,
廃業,はいぎょう,"closing down (a business), discontinuation (of business)",,,
株式会社,かぶしきがいしゃ,limited liability company (llc),,,
税理士,ぜいりし,licensed tax accountant,,,
行政書士,ぎょうせいしょし,"licensed administrative scrivener (in East Asia), or administrative procedures legal specialist",,,
司法書士,しほうしょし,"licensed judicial scrivener (in East Asia), or judicial specialist",,,
社会保険労務士,かいしゃほけんろうむし,"licensed social insurance consultant, or labor and social security attorney",,,
官公庁,かんこうちょう,government and municipal offices,,,
定款,ていかん,(company) statutes,,,
価値創造,かちそうぞう,value creation,,,
出資,しゅっし,investment,,,
取り巻く,とりまく,to surround,,,
持続的な,じぞくてきな,Sustainable,,,
価格基準,かかくきじゅん,Price standard,,,
グローバル化,ぐろーばるか,Globalization,,,
推進,すいしん,"propulsion, drive; promotion, furtherance, implementation",,,
掲げる,かかげる,"to put up (a sign, notice, etc.); to hold up (an ideal, principle, etc.)",,,
実業家,じつぎょうか,"businessman, entrepreneur",,,
流通,りゅうつう,"circulation  (of money, goods)",,,
利害関係者,りがいかんけいしゃ,stakeholder,,,
使命,しめい,mission,,,
則る,のっとる,"to conform to / to follow (rules, traditions)",,,
<table><tbody><tr><td>実写</td><td><br></td><td></td></tr></tbody></table>,実[じっ]写[しゃ],live action (as opposed to animation),,,
軽々,軽[かる]々[がる],"thoughtlessly, carelessly, lightly",,,
吟味する,ぎんみ（する）,Invest/examine carefully,,,
バラつき,ばらつき,"scattered, uneven, varied, dispersed",,,
手待ち,てまち,"downtime, waiting time",,,
歩留まり,ぶどまり,yield rate,,,
成果,せいか,Achievement,,,
改善策,かいぜんさく,Improvement plan,,,
着眼点,ちゃくがんてん,Focus,,,
原価,げんか,"Cost, Unit cost, Purchase cost",,,
行動変容,こうどうへんよう,Behavior change,,,
検証する,けんしょう,verification; (to verify),,,
基づく,もとづく,base on,,,
実行,じっこう,"Execution, carrying out, practice, implementation","Suru, t",理論や計画などの,
手順,てじゅん,procedure,,,
強制的,きょうせいてき,compulsory,,,
ダラリ,だらり,"from ３ム：むだ、むら、むり inefficiency, inconsistency, impossibility",,,
ループ型のモデル,るーぷがたのもでる,"based on matching with the english article: iterative, potential definition: feedback loop",,,
エスノグラフィックアプローチ,えそのぐらふぃっくあぷろーち,ethnographic approach,,,
産物,さんぶつ,"a product of s.t., produce, result",,"Can refer to physical produce (e.g. fruit), but also the product of efforts, etc.",
指標,しひょう,"index, indicator",,The baseline for some evaluation/standard,
培う,培[つちか]う,"to cultivate, to foster",,"Can be used for abilities, skills, etc.",
事例,じれい,"example, precedent, case",,,
且つ,かつ,and,,且つ＝A AND B；及び＝A OR B；と＝どちらの場合も考えられます。（正式な書類には「と」は使われません。 意味があいまいだからです。）,
提唱,提[てい]唱[しょう],"Advocacy, proposal<br>To advocate, propose",suru,,
進捗,進[しん]捗[ちょく],to be underway; to be progressing (well),suru,connotation of doing well -- positively assessed progress<br>,
闇雲,闇[やみ]雲[くも],haphazard(ly); at random,ni,"(as opposed to in a methodical or logical, well informed manner)",
仮説,仮[か]説[せつ],hypothesis,,,
復唱,復[ふく]唱[しょう],repeat,suru,someone's words,
人材育成,人[じん]材[ざい]育[いく]成[せい],Human resource training,,,
下図,下[か]図[ず],The figure pictured below,,usually refering to a graph being show on screen in a presentation,
集約,集[しゅう]約[やく],Summarizie / compile together,,Often used with する　集約する,
中堅社員,中[ちゅう]堅[けん]社[しゃ]員[いん],Mid-level employee / core employees,,This term refers to employees who are well established at a company and have been working there for a fairly long time. Think mid-level management.,
把握,把[は]握[あく],"To grasp, catch, understand",suru,,
納期,納[のう]期[き],"Time of delivery, payment, appointed day of delivery",,,
期限,期[き]限[げん],"Time frame, time limit",,,
自動化,自[じ]動[どう]化[か],Automation,,,
優先順位,優[ゆう]先[せん]順[じゅん]位[い],"priority, order of precidence",,,
明確化,明[めい]確[かく]化[か],clarification (to clarify),suru,,
考案,考[こう]案[あん],"devise (a plan, a method)",,する,
軌道修正,軌[き]道[どう]修[しゅう]正[せい],course correction,,四字熟語、also closely corresponds to English equivalent,
領域,領[りょう]域[いき],area; field (of study),,"I saw this a lot as ""O2O領域” meaning ""in the field/area of O2O (online-to-offline)""",
顧客経験価値,こきゃくけいけんかち,customer experience (CX),,,
浸透,浸[しん]透[とう],"to permeate, to infiltrate",suru,"Can be used for thoughts, concepts, etc.",
短縮,短[たん]縮[しゅく],"to shorten, to reduce, to cut down on",suru,時間短縮ー＞時短,
成果物,成[せい]果[か]物[ぶつ],deliverables,,,
指針,指[し]針[しん],"needle (compass, gauge, etc.), indicator; guiding principle, guideline",,,
火薬,火[か]薬[やく],gunpower,,,
婿,婿[むこ],"husband, groom",,,
凛々しい,凛々[りり]しい,"gallant, brave, awesome",,,
離す,離[はな]す,"to separate, part, divide",,,
刺繍,刺[し]繍[しゅう],embroidery,,,
過保護,過保護[かほご],overprotective,,,
頼りない,頼[たよ]りない,"unreliable, undependable",,,
堂々,堂々[どうどう],"magnificent, impressive, fair",adv,,
放す,放[はな]す,"to let go of, release, relinquish",,,
扱い,扱[あつか]い,"treatment, handling, dealing with",,,
投げる,投[な]げる,to throw,t,,
旅程,旅程[りょてい],"travel plans, itinerary",n,,
証,証[あかし・しょう],"proof, evidence・certificate, license",n,,
印象,印[いん]象[しょう],"stamp, seal",n,,
贈る,贈[おく]る,"to give, bestow",t,,
そもそも,そもそも,"in the first place, to begin with, after all","adv, conj",,
連れ回す,連[つ]れ 回[まわ]す,"to take someone one place after another forcibly, to drag someone around",t,,
中途半場,中途半場[ちゅうとはんば],"halfhearted, half measures",na,,
砂糖,砂[さ]糖[とう],sugar,n,,
欠落,欠[けつ]落[らく],"missing, lacking","suru, i",,
駆け落ち,駆[か]け 落[お]ち,to elope,"suru, i",,
常識,常[じょう]識[しき],common sense,n,,
再婚,再[さい]婚[こん],remarriage,"suru, i",,
不図,不[ふ]図[と],"suddenly, casually, incidentally, unintentionally",adv,,
無事,無[ぶ]事[じ],"safety, peace, security",na,,
黙る,黙[だま]る,"to be silent, say nothing",i,,
訪ねる,訪[たず]ねる,to pay a visit to,t,,
草原,草[そう]原[げん],"grassland, savannah",n,,
狩る,狩[か]る,to hunt,t,,
旅,旅[たび],travel; trip; journey,,,scraped
ぽっかり,ぽっかり,lightly<br>gaping wide<br>suddenly; unexpectedly,,,scraped
折,折[おり],"opportunity; chance; occasion; time<br>folding; fold; pleat; crease<br>small food box (wooden or cardboard)<br>folding in ... (two, three, etc.)<br>counter for folded items<br>counter for items (esp. food) packed in an oribako<br>折り 【おり】",,,scraped
往々,往々[おうおう],sometimes; often,,,scraped
看過,看[かん]過[か],overlooking; turning a blind eye<br>観過 【かんか】,,,scraped
全編,全[ぜん]編[ぺん],whole book (volume); complete episode<br>全篇 【ぜんぺん】,,,scraped
産気,産[さん]気[け],labor pains; labour pains,,,scraped
習慣,習[しゅう]慣[かん],habit<br>(social) custom; practice; convention,,,scraped
区々,区々[まちまち],various; diverse; different; divergent; divided; conflicting,,,scraped
思える,思[おも]える,to seem; to appear likely,,,scraped
欠く,欠[か]く,to chip; to nick; to break; to crack<br>to lack<br>闕く 【かく】,,,scraped
退屈,退[たい]屈[くつ],tedium; boredom; dullness<br>to feel bored; to get bored with; to get tired of<br>Boredom<br>怠屈 【たいくつ】,,,scraped
時化,時[し]化[け],stormy weather (at sea)<br>poor catch of fish (due to stormy seas)<br>poor turn-out; recession,,,scraped
漁,漁[りょう],"fishing; gathering seafood (e.g. clams, seaweed)<br>catch (e.g. of fish); haul",,,scraped
大人しい,大人[おとな]しい,"gentle; quiet; mild; meek; obedient; docile; well-behaved; tame<br>quiet (color, pattern, etc.); sober<br>温和しい 【おとなしい】",,,scraped
町,町[まち],town; block; neighbourhood; neighborhood<br>downtown; main street<br>street; road<br>街 【まち】,,,scraped
流し,流[なが]し,"sink (e.g. in a kitchen)<br>cruising (e.g. taxi); strolling (entertainer, musician, etc.)<br>washing area (in a Japanese-style bath)<br>back-washing service (in a public bath)<br>floating (something on water); setting adrift; washing away",,,scraped
楽団,楽[がく]団[だん],orchestra; band,,,scraped
軽業,軽[かる]業[わざ],acrobatics; risky undertaking,,,scraped
台所,台所[だいどころ],kitchen<br>financial situation<br>Kitchen,,,scraped
壁,壁[かべ],"wall; partition<br>barrier; obstacle<br>Chinese ""Wall"" constellation (one of the 28 mansions)<br>Wall<br>壁 【へき】",,,scraped
煙,煙[けむり],smoke; fumes,,,scraped
篭る,篭[こも]る,"to shut oneself in (e.g. one's room); to be confined in; to seclude oneself; to hide away; to stay inside (one's shell)<br>to be filled with (emotion, enthusiasm, etc.)<br>to fill the room (of a gas, smell, etc.); to be heavy with (e.g. smoke); to be stuffy; to be dense<br>to be muffled (e.g. voice)<br>to hold (a castle, fortress, etc.)<br>to confine oneself in a temple to pray",,,scraped
減る,減[へ]る,to decrease (in size or number); to diminish; to abate,,,scraped
財布,財[さい]布[ふ],purse; handbag; wallet<br>Wallet,,,scraped
家来,家[け]来[らい],retainer; retinue; servant,,,scraped
持て成す,持[も]て 成[な]す,to entertain; to make welcome<br>持てなす 【もてなす】,,,scraped
庭,庭[にわ],garden; yard; courtyard<br>field (of action); area,,,scraped
観覧車,観覧車[かんらんしゃ],Ferris wheel,,,scraped
交わす,交[か]わす,"to exchange (messages, greetings, arguments, etc.)<br>to intersect; to cross; to interlace<br>... with one another; ... to each other<br>交す 【かわす】",,,scraped
一気に,一気[いっき]に,in one go; in one gulp; in one breath; without stopping; without pausing; without resting; in one sitting; at a stretch; all at once<br>immediately; instantly; right away; straight away; straightaway,,,scraped
留守,留守[るす],"absence; being away from home<br>house-sitting; house-sitter<br>being left unattended to (of one's studies, etc.); neglecting<br>留主 【るす】",,,scraped
夫れ夫れ,夫[そ]れ 夫[ぞ]れ,each; respectively,,,scraped
性質,性[せい]質[しつ],nature; property; disposition,,,scraped
過敏,過[か]敏[びん],nervousness; oversensitivity,,,scraped
興,興[きょう],interest; entertainment; pleasure,,,scraped
一見,一見[いっけん],look; glimpse; glance<br>apparently; seemingly; at first glance; on the face of it<br>first meeting,,,scraped
仕込み,仕込[しこ]み,training; education; upbringing<br>stocking up; laying in<br>preparation (e.g. ingredients),,,scraped
仕上がり,仕上[しあ]がり,finish; end; completion; result,,,scraped
鍛え,鍛[きた]え,forging; tempering<br>drilling; training; disciplining,,,scraped
知恵,知恵[ちえ],wisdom; wit; sagacity; sense; intelligence<br>prajna (insight leading to enlightenment)<br>Wisdom,,,scraped
一族,一族[いちぞく],family; relatives; dependents<br>household,,,scraped
率いる,率[ひき]いる,to lead; to spearhead (a group); to command (troops),,,scraped
牡馬,牡[ぼ]馬[ば],male horse,,,scraped
漁場,漁[ぎょ]場[じょう],fishing grounds; permitted fishing zone,,,scraped
済む,済[す]む,to finish; to end; to be completed<br>to merely result in something less severe than expected<br>to feel at ease<br>to feel unease or guilt for troubling someone; to be sorry<br>濟む 【すむ】,,,scraped
奪い合う,奪[うば]い 合[あ]う,to scramble for; to struggle for; to contend for; to fight for,,,scraped
潮,潮[しお],tide; current<br>sea water<br>opportunity; chance,,,scraped
夫君,夫[ふ]君[くん],(another's) husband,,,scraped
許し,許[ゆる]し,pardon; forgiveness; exemption; permission<br>赦し 【ゆるし】,,,scraped
嫁ぐ,嫁[とつ]ぐ,to marry (of a woman); to become a bride; to marry into (a family)<br>to have sexual intercourse,,,scraped
余裕,余[よ]裕[ゆう],surplus; margin; leeway; room; space; time; allowance; flexibility; scope<br>composure; placidity; complacency; calm,,,scraped
施し,施[ほどこ]し,charity; almsgiving,,,scraped
行為,行[こう]為[い],act; deed; conduct,,,scraped
船頭,船[せん]頭[どう],boatman; ferryman,,,scraped
支度,支[し]度[たく],preparation; arrangements<br>仕度 【したく】,,,scraped
木彫,木[もく]彫[ちょう],wood carving; wooden sculpture; woodcraft,,,scraped
本の,本[ほん]の,mere; only; just; slight,,,scraped
物事,物[もの]事[ごと],things; everything,,,scraped
埋まる,埋[う]まる,"to be buried; to be covered; to be surrounded<br>to overflow; to be crowded; to be filled<br>to be repaid (e.g. debt); to be replenished<br>to be filled (e.g. blank, vacancy, schedule)<br>埋まる 【うずまる】",,,scraped
凝乎と,凝乎[じっ]と,"motionlessly (e.g. stand, wait); (be) still<br>fixedly (e.g. gaze, stare); intently (e.g. listen, think)<br>patiently (endure); stoically<br>firmly (e.g. hold); restrained",,,scraped
暴れまわる,暴[あば]れまわる,to rampage; to run riot​,i,,scraped
小麦,小麦[こむぎ],wheat,,,scraped
塗れ,塗[まみ]れ,covered with; stained; smeared<br>塗れ 【まぶれ】,,,scraped
鷹狩り,鷹[たか]狩[が]り,falconry,,,scraped
伸びる,伸[の]びる,"to stretch; to extend; to lengthen; to grow (of hair, height, grass, etc.)<br>to straighten out; to be flattened; to become smooth<br>to spread (of paint, cream, etc.)<br>to stretch out (e.g. of a hand); to extend<br>to lose elasticity; to become slack; to become soggy (e.g. noodles)<br>to make progress; to develop; to expand; to increase; to improve<br>to be exhausted; to be groggy; to pass out; to collapse<br>to be prolonged (meeting, life span, etc.); to be extended (e.g. deadline); to lengthen (e.g. of the days)<br>to be postponed; to be delayed; to be put off<br>延びる 【のびる】",,,scraped
空く,空[す]く,to become less crowded; to thin out; to get empty<br>to be hungry,,,scraped
拗ねる,拗[す]ねる,to be peevish; to sulk; to pout,,,scraped
香油,香[こう]油[ゆ],pomade; balm; perfumed oil,,,scraped
唆る,唆[そそ]る,to excite; to incite; to stimulate; to arouse; to tempt; to stir up,,,scraped
生涯,生[しょう]涯[がい],life; lifetime; career<br>for life; all one's life; throughout one's life; as long as one lives,,,scraped
鉛,鉛[なまり],lead (Pb),,,scraped
巡礼,巡[じゅん]礼[れい],pilgrimage; pilgrim,,順礼 【じゅんれい】,scraped
信心深い,信[しん]心[じん]深[ぶか]い,deeply religious; devout; godly; faithful,,,scraped
聖地,聖[せい]地[ち],sacred place; holy ground; the Holy Land,,,scraped
悲願,悲[ひ]願[がん],one's dearest wish<br>Buddha's vow to save humanity,,,scraped
丁寧,丁[てい]寧[ねい],polite; courteous; civil<br>careful; close; thorough; conscientious<br>叮嚀 【ていねい】,,,scraped
山々,山々[やまやま],(many) mountains<br>very much (wanting to do something one cannot); greatly; really<br>so many; a lot of<br>Yamayama<br>山山 【やまやま】,,,scraped
寄る,寄[よ]る,"to approach; to draw near; to come near; to be close to<br>to gather (in one place); to come together; to meet<br>to stop by (while on one's way to another place); to drop by; to make a short visit<br>to grow old; to grow high (number, etc.)<br>to grow (wrinkly)<br>to lean against; to recline on<br>to push one's opponent while holding their belt<br>to decide on a price and come to a deal<br>to be swayed by (a person); to yield to",,,scraped
漏れる,漏[も]れる,to leak out; to escape; to come through; to shine through; to filter out<br>to find expression; to give vent<br>to leak out; to be divulged; to be disclosed<br>to be omitted; to be left out; to be excluded; to be not included<br>洩れる 【もれる】,,,scraped
懐,懐[ふところ],inside the breast of one's clothing (esp. kimono); bosom; (breast) pocket<br>space between one's chest and outstretched arms; (one's) reach<br>heart (e.g. of a mountain); bosom (e.g. of nature); depths; inner part<br>mind; heart; inner thoughts<br>money (one is carrying); purse; pocketbook<br>懷 【ふところ】,,,scraped
落ち落ち,落[お]ち落[お]ち,quietly; calmly; comfortably; peacefully<br>オチオチ,,,scraped
正直,正[しょう]直[じき],honest; frank; candid; straightforward<br>honestly; frankly<br>Honesty,,,scraped
現れる,現[あらわ]れる,"to appear; to come in sight; to become visible; to come out; to embody; to materialize; to materialise<br>to be expressed (e.g. emotions); to become apparent (e.g. trends, effects)",,,scraped
人柄,人柄[ひとがら],personality; character; personal appearance; gentility,,,scraped
不思議,不思議[ふしぎ],wonderful; marvelous; strange; incredible; amazing; curious; miraculous; mysterious<br>strangely enough; oddly enough; for some reason; curiously,,,scraped
異国,異国[いこく],foreign country,,,scraped
尾,尾[お],"tail (of an animal)<br>tail (of a kite, etc.); tail end<br>tail (of a comet)<br>slope at the foot of a mountain",,,scraped
光栄,光[こう]栄[えい],honour; honor; glory; privilege,,,scraped
度々,度[たび]々[たび],often; again and again; over and over again; repeatedly; frequently,,,scraped
歓迎,歓[かん]迎[げい],welcome; reception,,,scraped
護衛,護[ご]衛[えい],guard; convoy; escort,,,scraped
遠路,遠[えん]路[ろ],long way; great distance,,,scraped
遥々,遥々[はるばる],from afar; over a great distance; all the way,,,scraped
越す,越[こ]す,to cross over (e.g. mountain); to go across<br>to get over (e.g. hardship)<br>to pass time (e.g. a winter)<br>to surpass; to be better than; to exceed<br>to move house<br>to go; to come<br>超す 【こす】,,,scraped
分かち合う,分[わ]かち 合[あ]う,to share,t,,scraped
義父,義父[ぎふ],father-in-law<br>foster father<br>stepfather,,,scraped
気をそらす,気[き]をそらす,to distract,,その物音で読書の気をそらされた。,scraped
余程,余[よ]程[ほど],very; greatly; much; to a large extent; quite<br>just about to; almost; very nearly,,,scraped
親愛,親[しん]愛[あい],deep affection<br>dear; beloved,,,scraped
旅路,旅[たび]路[じ],journey; route of a journey,,,scraped
ごっこ,ごっこ,playing at (something); game of make-believe; something done together,,,scraped
変わっている,変[か]わっている,to be unusual (of a person or thing); to be uncommon; to be peculiar; to be eccentric; to be different​,,,scraped
親切,親切[しんせつ],kind; gentle; considerate; generous; friendly; nice<br>深切 【しんせつ】,,,scraped
調度,調度[ちょうど],household items; furniture; furnishings; fixtures; supplies,,,scraped
中庭,中庭[なかにわ],courtyard; quadrangle; middle court,,,scraped
泉,泉[いずみ],spring; fountain,,,scraped
断る,断[ことわ]る,to refuse; to reject; to dismiss; to turn down; to decline<br>to inform; to give notice; to tell in advance<br>to ask leave; to excuse oneself (from),,,scraped
板,板[いた],board; plank<br>sheet (of metal); plate (of glass); pane; slab<br>cutting board; chopping board<br>chef (esp. of high-end Japanese cuisine); cook<br>stage (i.e. at a theatre),,,scraped
聖者,聖[せい]者[じゃ],saint,,,scraped
本人,本人[ほんにん],the person in question; the person themselves; said person,,,scraped
人前,人前[ひとまえ],presence of other people; (in) public; (in) front of others,,,scraped
寂しい,寂[さび]しい,lonely; lonesome; solitary; desolate,,,scraped
囲む,囲[かこ]む,"to surround; to encircle; to enclose; to fence; to wall in<br>to besiege; to lay siege to<br>to play (go, shogi, etc.)<br>囲む 【かごむ】",,,scraped
世知辛い,世[せ]知[ち]辛[がら]い,hard (life); tough (world),,,scraped
衣,衣[ころも],"clothes; garment<br>gown; robe<br>coating (e.g. glaze, batter, icing)",,,scraped
不躾,不躾[ぶしつけ],ill-bred; impolite; rude; impudent; insolent; blunt,,,scraped
年甲斐,年甲斐[としがい],one's age,,,scraped
燥ぐ,燥[はしゃ]ぐ,to make merry; to frolic; to be in high spirits,,,scraped
贔屓,﻿贔屓[ひいき],favour; favor; patronage; favouritism; favoritism; partiality<br>favourite; favorite<br>patron; supporter; backer<br>Bixi (tortoise)<br>贔負 【ひいき】,,,scraped
激しい,激[はげ]しい,violent; furious; tempestuous<br>extreme; intense; fierce; strong<br>fervent; vehement<br>incessant; relentless<br>precipitous; steep,,,scraped
鞦韆,鞦韆[ぶらんこ],swing; trapeze<br>Swing (seat)<br>ブランコ,,,scraped
加護,加護[かご],divine protection,,,scraped
修行僧,修行僧[しゅぎょうそう],ascetic monk; trainee monk,,,scraped
皇帝,皇帝[こうてい],emperor<br>Emperor<br>皇帝 【おうだい】,,,scraped
血相,血相[けっそう],expression; looks,,,scraped
季節,季節[きせつ],season; time of year<br>Season,,,scraped
真鍮,真鍮[しんちゅう],brass,,,scraped
何て,何[なん]て,how ...!; what ...!<br>what?; what's that?,,,scraped
野宿,野[の]宿[じゅく],sleeping outdoors; sleeping out in the open air; camping,,,scraped
鋼鉄,鋼鉄[こうてつ],steel,,,scraped
隊商,隊商[たいしょう],caravan (of merchants),,,scraped
路銀,路銀[ろぎん],traveling expenses; travelling expenses,,,scraped
届く,届[とど]く,to reach; to touch; to get to; to carry (of sound)<br>to be delivered; to arrive<br>to be attentive; to be scrupulous; to be thorough<br>to be realized (of a desire); to be fulfilled; to get through (to someone); to be appreciated; to make an impression,,,scraped
炭,炭[すみ],charcoal<br>charred remains,,,scraped
同席,同席[どうせき],"being present (at the same meeting, occasion, etc.); attendance (with); sitting with; sitting next to<br>same (seating) precedence; same rank",,,scraped
沿岸,沿岸[えんがん],coast; shore; littoral,,,scraped
足し,足[た]し,supplement; top up; complement; making up (a deficiency),,,scraped
預かる,預[あず]かる,to look after; to take care of; to keep; to hold on to; to keep in custody<br>to be put in charge of; to be given responsibility for; to be entrusted with<br>to withhold (an announcement); to reserve (judgment); to leave undecided<br>to take upon oneself (to do); to settle (a matter) oneself,,,scraped
兼,兼[けん],cum (e.g. bedroom-cum-study); and (concurrently; e.g. chauffeur and secretary); in addition to; at the same time,,,scraped
頑固,頑固[がんこ],stubborn; obstinate; pigheaded,,,scraped
配属,配属[はいぞく],"assignment (of a person to somewhere); attachment (of a person to another unit, organization, etc.)",,,scraped
部隊,部隊[ぶたい],force; unit; corps; squad; troops; party<br>Troop,,,scraped
土地,土地[とち],plot of land; lot; soil<br>locality; region; place,,,scraped
布,[ぬの],cloth<br>bujian (spade-shaped bronze coin of ancient China),,,scraped
相性,相性[あいしょう],affinity; compatibility; chemistry (between people),,,scraped
絹糸,絹糸[けんし],silk thread,,,scraped
揃える,揃[そろ]える,to collect; to gather; to get together; to complete (a collection)<br>to arrange; to put in order; to prepare; to get ready<br>to make uniform; to make even; to match,,,scraped
用意,用意[ようい],preparation; arrangements; provision; getting ready; laying out (e.g. a meal),,,scraped
楽観,楽観[らっかん],optimism; taking an optimistic view,,,scraped
不穏,不[ふ]穏[おん],disquieting; threatening; turbulent; restless; unsettled; disturbing,,,scraped
万全,万[ばん]全[ぜん],perfection; flawlessness,,,scraped
格好,格好[かっこう],shape; form; figure; posture; pose<br>appearance<br>state; situation<br>suitable; fit; reasonable<br>about,,,scraped
見納め,見納[みおさ]め,last look; farewell look,,,scraped
加減,加減[かげん],degree; extent; amount; balance; state; condition<br>(health) condition; state of health<br>adjustment; moderation; regulation<br>addition and subtraction<br>slight sign of ...; slight state of ...<br>just right for ...,,,scraped
旦那,旦那[だんな],"master (of a house, shop, etc.)<br>husband<br>sir; boss; master; governor<br>patron of a mistress, geisha, bar or nightclub hostess; sugar daddy<br>alms; almsgiving; almsgiver<br>檀那 【だんな】",,,scraped
正装,正[せい]装[そう],full dress; formal dress; uniform<br>Formal wear,,,scraped
納得,納得[なっとく],consent; agreement; acceptance<br>understanding; satisfaction (e.g. with an explanation); being convinced,,,scraped
無駄足,無駄足[むだあし],visit for no reason; go on fool's errand,,,scraped
踏む,踏[ふ]む,"to step on; to tread on; to trample on<br>to set foot on (e.g. foreign soil); to stand on; to visit<br>to experience; to undergo<br>to follow (rules, principles, etc.); to go through (e.g. formalities); to complete<br>to estimate; to guess; to judge; to value; to appraise<br>to rhyme<br>to succeed to (e.g. the throne)",,,scraped
混ざる,混[ま]ざる,to be mixed; to be blended with; to associate with; to mingle with; to join,,,scraped
劣化,劣化[れっか],"deterioration (in quality, performance, etc.); degradation; worsening<br>(visible) aging; becoming unattractive (due to aging)<br>Deterioration",,,scraped
被写体,被写体[ひしゃたい],(photographic) subject,,,scraped
数十,数十[すうじゅう],dozens; scores of; decades,,,scraped
画像,画像[がぞう],image; picture; portrait<br>Image,,,scraped
画,画[かく],"stroke (of a kanji, etc.)<br>劃 【かく】",,,scraped
固定,固[こ]定[てい],"fixing (in place); being fixed (in place); securing; anchoring; fastening down<br>fixing (e.g. salary, capital); keeping the same<br>fixation (histology)<br>Fixation",,,scraped
外す,外[はず]す,"to remove; to take off; to detach; to unfasten; to undo<br>to drop (e.g. from a team); to remove (from a position); to exclude; to expel<br>to leave (e.g. one's seat); to go away from; to step out; to slip away<br>to dodge (a question, blow, etc.); to evade; to sidestep; to avoid (e.g. peak season)<br>to miss (a target, chance, punch, etc.)",,,scraped
暗所,暗[あん]所[しょ],dark place; unlit spot; darkness,,,scraped
作業,作[さ]業[ぎょう],work; operation; manufacturing; fatigue duty<br>Occupation,,,scraped
取り付ける,取[と]り付[つ]ける,,,,scraped
露光,露[ろ]光[こう],(photographic) exposure,,,scraped
原板,原板[げんぱん],negative (of a picture)<br>原板 【げんばん】,,,scraped
均一,均[きん]一[いつ],uniformity; equality<br>均一 【きんいち】,,,scraped
成り立つ,成[な]り 立[た]つ,"to consist of; to be made up of; to be composed of<br>to be concluded (e.g. of an agreement); to hold true (e.g. of a theory); to be valid<br>to be viable (of a business, lifestyle, etc.); to carry on; to keep going",,,scraped
都度,都度[つど],each (every) time; whenever,,,scraped
感光,感光[かんこう],exposure; sensitization; sensitisation,,,scraped
磨き粉,磨[みがこ]き粉[みがこ],polishing powder,,,scraped
覆う,覆[おお]う,to cover; to hide; to conceal; to wrap; to disguise,,,scraped
通じる,通[つう]じる,"to be open (to traffic); to lead to; to communicate (with)<br>to flow (liquid, current); to pass; to get through to<br>to be understood; to be comprehended<br>to be honored; to be good<br>to be well versed in; to be well-informed<br>to communicate clandestinely; to keep in touch (e.g. with the enemy)<br>to form a liaison; to be intimate<br>to spread widely; to disseminate",,,scraped
垂らす,垂[た]らす,to dribble; to spill<br>to suspend; to hang down; to slouch; to dangle,,,scraped
攪拌,攪拌[かくはん],agitation; stirring; whipping; beating,,,scraped
ヨウ化カリウム,ヨウ 化[か]カリウム,potassium iodide,,,scraped
溶液,溶液[ようえき],solution (liquid)<br>Solution,,,scraped
定着液,定着液[ていちゃくえき],(photographic) fixing solution,,,scraped
処方,処方[しょほう],prescription; formulation; formula; recipe,,,scraped
調合,調合[ちょうごう],mixing; compounding; dispensing (e.g. prescription),,,scraped
現像液,現像液[げんぞうえき],developing solution<br>Photographic developer,,,scraped
混ぜる,混[ま]ぜる,to mix; to stir; to blend,,,scraped
爆発,爆発[ばくはつ],"explosion; detonation; eruption<br>eruption (of discontent, etc.); outburst; outpouring<br>Explosion",,,scraped
下働き,下働[したばたら]き,subordinate work; assistant<br>domestic duties; servant; maid; houseboy,,,scraped
毒薬,毒薬[どくやく],poison,,,scraped
硝酸銀,硝[しょう]酸[さん]銀[ぎん],silver nitrate; AgNO3,,,scraped
釉薬,釉薬[うわぐすり],glaze; overglaze; enamel<br>Ceramic glaze,,,scraped
失明,失[しつ]明[めい],loss of eyesight; loss of sight; going blind; blindness,,,scraped
工房,工房[こうぼう],workshop; studio; atelier,,,scraped
