重量,重量[じゅうりょう],heavyweight,,,
重力,重力[じゅうりょく],gravity,,,
熟語,熟語[じゅくご],"idiom, kanji compound",,,
祝日,祝日[しゅくじつ],national holiday,,,
受験,受験[じゅけん],taking an examination,,,
主語,主語[しゅご],(gram) subject,,,
主人,主人[しゅじん],(one's own) husband,,,
出勤,出勤[しゅっきん],"going to work, at work",,,
述語,述語[じゅつご],predicate,,,
寿命,寿命[じゅみょう],life span,,,
主役,主役[しゅやく],leading part,,,
循環,循環[じゅんかん],"circulation, rotation, cycle",,,
巡査,巡査[じゅんさ],policeman,,,
順々,順々[じゅんじゅん],"in order, in turn",,,
順序,順序[じゅんじょ],"order, sequence, procedure",,,
純情,純情[じゅんじょう],pure heart,,,
女～,女～[じょ～],things done by women,,,
～女,～女[～じょ],count for sisters,,,
省～,省～[しょう～],economizing ~,,,
～商,～商[～しょう],"merchant, business",,,
～勝,～勝[～しょう],count for victory,,,
～条,～条[～じょう],counter for article,,,
～畳,～畳[～じょう],"count for tatami, mat",,,
小学生,小学生[しょうがくせい],elementary school pupil,,,
しょうがない,しょうがない,It is not worth ~,,,
蒸気,蒸気[じょうき],"steam, vapor",,,
定規,定規[じょうぎ],(measuring) ruler,,,
上級,上級[じょうきゅう],"advanced level, high grade, senior",,,
上下,上下[じょうげ],"high and low, up and down",,,
障子,障子[しょうじ],paper sliding door,,,
商社,商社[しょうしゃ],trading company,,,
小数,小数[しょうすう],"fraction (part of), decimal",,,
焦点,焦点[しょうてん],"focus, point",,,
蒸発,蒸発[じょうはつ],evaporation; unexplained disappearance,,,
上品,上品[じょうひん],"refined, elegant, well-mannered",,,
小便,小便[しょうべん],"(col) urine, piss",,,
正味,正味[しょうみ],net (weight),,,
正面,正面[しょうめん],front,,,
消耗,消耗[しょうもう],"exhaustion, consumption",,,
初級,初級[しょきゅう],elementary level,,,
助教授,助教授[じょきょうじゅ],assistant professor,,,
～色,～色[～しょく],kind of color,,,
食塩,食塩[しょくえん],table salt,,,
職人,職人[しょくにん],"artisan, craftsman",,,
食器,食器[しょっき],tableware,,,
ショップ,ショップ,a shop,,,
書店,書店[しょてん],bookshop,,,
書道,書道[しょどう],calligraphy,,,
シリーズ,シリーズ,series,,,
私立,私立[しりつ],private (establishment),,,
資料,資料[しりょう],"materials, data",,,
汁,汁[しる],"juice, soup",,,
素人,素人[しろうと],"layman, amateur, novice",,,
しわ (かおの～),しわ (かおの～),"wrinkles, creases",,,
芯,芯[しん],"core, heart, wick",,,
新幹線,新幹線[しんかんせん],"Shinkansen, ""Bullet Train""",,,
人事,人事[じんじ],"human resources, personnel management",,,
信ずる,信[しん]ずる,to believe,,,
心身,心身[しんしん],mind and body,,,
人造,人造[じんぞう],"man-made, synthetic, artificial",,,
寝台,寝台[しんだい],bed,,,
人文科学,人文科学[じんぶんかがく],"social sciences, humanities",,,
人命,人命[じんめい],(human) life,,,
針路,針路[しんろ],"course, direction",,,
神話,神話[しんわ],"myth, legend",,,
水産,水産[すいさん],"marine products, fisheries",,,
水蒸気,水蒸気[すいじょうき],"water vapor, steam",,,
水素,水素[すいそ],hydrogen,,,
推定,推定[すいてい],"presumption, assumption, estimation",,,
水滴,水滴[すいてき],drop of water,,,
水筒,水筒[すいとう],"canteen, flask, water bottle",,,
水分,水分[すいぶん],moisture,,,
水平,水平[すいへい],"level, horizontal",,,
水面,水面[すいめん],water's surface,,,
図々しい,図々[ずうずう]しい,"impudent, shameless",,,
ずうっと,ずうっと,"all the time, all the way",,,
スカーフ,スカーフ,scarf,,,
図鑑,図鑑[ずかん],picture book,,,
隙,隙[すき],"unguarded moment, chance",,,
透き通る,透[すきとお]き通る,to be(come) transparent,,,
隙間,隙間[すきま],"crack, gap, opening<br>spare moment, free time",,,
～過ぎる,～ 過[す]ぎる,too much ~,,,
スクール,スクール,school,,,
鈴,鈴[すず],bell,,,
スタート,スタート,start,,,
スチュワーデス,スチュワーデス,stewardess,,,
すっきり,すっきり,"shapely, clear, neat",,,
ストッキング,ストッキング,stockings,,,
ストップ,ストップ,stop,,,
素直,素直[すなお],"obedient, meek, docile<br>honest, frank",na,,
スピーカー,スピーカー,speaker,,,
図表,図表[ずひょう],"chart, diagram, graph",,,
スマート,スマート,"smart, stylish, slim",,,
住まい,住[す]まい,"dwelling, house",,,
すまない,すまない,sorry (phrase),,,
～済,～済[～ずみ],finished,,,
相撲,相撲[すもう],sumo wrestling,,,
スライド,スライド,slide,,,
ずらす,ずらす,"to put off, to delay",,,
ずらり,ずらり,"in a line, in a row",,,
スリッパ,スリッパ,slippers,,,
狡い,狡[ずる]い,"sly, cunning",,,
寸法,寸法[すんぽう],"measurement, size, dimension",,,
清書,清書[せいしょ],clean copy,,,
青少年,青少年[せいしょうねん],"youth, young person",,,
整数,整数[せいすう],integer,,,
清掃,清掃[せいそう],cleaning,,,
生存,生存[せいぞん],"existence, being, survival",,,
政党,政党[せいとう],(member of) political party,,,
性別,性別[せいべつ],"sex, gender",,,
正門,正門[せいもん],"main gate, main entrance",,,
成立,成立[せいりつ],"formation, establishment, completion",,,
西暦,西暦[せいれき],"Christian Era, after (Christ’s) death (A.D.)",,,
～席,～席[～せき],counter for seats,,,
赤道,赤道[せきどう],equator,,,
折角,折角[せっかく],"with trouble, at great pains, long-awaited",,,
接近,接近[せっきん],"getting closer, drawing nearer, approaching",,,
接する,接[せっ]する,to attend to (someone); to associate with,,,
瀬戸物,瀬戸物[せともの],"earthenware, crockery, china",,,
ぜひとも,ぜひとも,by all means (with sense of not taking 'no' for an answer),,,
セメント,セメント,cement,,,
台詞,台詞[せりふ],"speech, words, one's lines, remarks",,,
～船,～船[～せん],counter for ships,,,
～戦,～戦[～せん],"counter for games, matches",,,
～前,～前[～ぜん],before ~,,,
全集,全集[ぜんしゅう],complete works,,,
扇子,扇子[せんす],folding fan,,,
専制,専制[せんせい],"despotism, autocracy",,,
先々月,先々月[せんせんげつ],month before last,,,
先々週,先々週[せんせんしゅう],2 weeks before,,,
センチ,センチ,centimeter,,,
先頭,先頭[せんとう],"head, lead, vanguard",,,
全般,全般[ぜんぱん],"(the) whole, general",,,
扇風機,扇風機[せんぷうき],electric fan,,,
洗面,洗面[せんめん],"wash up (one's face), have a wash",,,
全力,全力[ぜんりょく],"all one's power, whole energy",,,
～艘,～艘[～そう],counter for ships,,,
相違,相違[そうい],"difference, discrepancy, variation",,,
そういえば,そういえば,which reminds me ..,,,
雑巾,雑巾[ぞうきん],"house-cloth, dust cloth",,,
増減,増減[ぞうげん],"increase and decrease, fluctuation",,,
相互,相互[そうご],"mutual, reciprocal",,,
造船,造船[ぞうせん],shipbuilding,,,
騒々しい,騒々[そうぞう]しい,"noisy, boisterous",,,
そうっと,そうっと,"softly, cautiously, gently",,,
送別,送別[そうべつ],"farewell, send-off",,,
草履,草履[ぞうり],Japanese sandals (footwear),,,
総理大臣,総理大臣[そうりだいじん],Prime Minister,,,
送料,送料[そうりょう],"postage, carriage",,,
～足,～足[～そく],counter for shoes,,,
属する,属[ぞく]する,"to belong to, to come under",,,
速達,速達[そくたつ],"express, special delivery",,,
測量,測量[そくりょう],"measurement, surveying",,,
速力,速力[そくりょく],speed,,,
卒直,卒直[そっちょく],"frank, candid, honest",,,
そのころ,そのころ,"in those days, at that time, then",,,
そのため,そのため,"hence, for that reason",,,
その他,その 他[ほか],besides,,,
剃る,剃[そ]る,to shave,,,
それなのに,それなのに,"though, although",,,
それなら,それなら,"If that's the case..., If so..., That being the case...",,,
それはいけませんね (かん),それはいけませんね (かん),that's not good,,,
逸れる,逸[そ]れる,"to stray (turn) from subject, to go astray",,,
存じる,存[ぞん]じる,(humble) to know,,,
田ぼ,田[たん]ぼ,"paddy field, farm",,,
第～,第～[だい～],~th,,,
だいいち (とりわけ),だいいち (とりわけ),"first, foremost,&nbsp;&nbsp;#1",,,
大工,大工[だいく],carpenter,,,
体系,体系[たいけい],"system, organization",,,
太鼓,太鼓[たいこ],"drum, tambourine",,,
対策,対策[たいさく],"counter-plan, counter-measure",,,
大小,大小[だいしょう],size,,,
体制,体制[たいせい],"order, system, structure",,,
大層,大層[たいそう],"very much, greatly",,,
体操,体操[たいそう],"gymnastics, physical exercises, calisthenics",,,
大分,大分[だいぶん],"considerably, greatly, a lot",,,
大木,大木[たいぼく],large tree,,,
代名詞,代名詞[だいめいし],pronoun,,,
タイア,タイア,"tire, tyre",,,
ダイヤグラム,ダイヤグラム,diagram,,,
ダイヤモンド,ダイヤモンド,diamond,,,
ダイヤル,ダイヤル,dial,,,
田植え,田植[たう]え,rice planting,,,
楕円,楕円[だえん],ellipse,,,
竹,竹[たけ],bamboo,,,
ただいま,ただいま,"Here I am, I'm home!",,,
但し,但[ただ]し,"but, however, provided that",,,
立ち止まる,立[たちど]ち止まる,"to stop, to halt, to stand still",,,
発,発[はつ],"to depart (e.g., on a plane, train)",,,
脱線,脱線[だっせん],"derailment, digression",,,
例える,例[たと]える,"to compare, to liken",,,
ダブル,ダブル,double,,,
ダム,ダム,dam,,,
溜息,溜息[ためいき],a sigh,,,
ためらう,ためらう,to be hesitant,,,
～だらけ,～だらけ,"be full of ~, be filled with ~",,,
足る,足[た]る,"to be sufficient, to be enough",,,
～団,～団[～だん],"group, corps, party",,,
オーケストラ,オーケストラ,orchestra,,,
おおざっぱ,おおざっぱ,"rough (not precise), broad, sketchy",,,
オートメーション,オートメーション,automation,,,
大凡,大凡[おおよそ],"about, approximately",,,
お帰り,お 帰[かえ]り,"return, welcome",,,
おかけください,おかけください,please sit down,,,
おかげさまで,おかげさまで,"Thanks to god, thanks to you",,,
おかず,おかず,"side dish, accompaniment for rice dishes",,,
おかまいなく,おかまいなく,please don't fuss over me,,,
拝む,拝[おが]む,"to worship, to pray",,,
お代わり,お 代[か]わり,"second helping, another cup",,,
お気の毒に,お 気[きのどく]の毒に,I'm sorry to hear that…,,,
屋外,屋外[おくがい],outdoors,,,
送り仮名,送[おくりがな]り仮名[おくりがな],part of word written in kana,,,
お元気で,お 元気[げんき]で,Take care',,,
怠る,怠[おこた]る,"to neglect, to fail",,,
お先に,お 先[さき]に,"before, after you",,,
伯父,伯父[おじ],(humble) uncle (older than one's parent),,,
叔父,叔父[おじ],uncle (younger than one's parent),,,
惜しい,惜[お]しい,"regrettable, disappointing",,,
伯父さん,伯父[おじ]さん,"(hon.) middle-aged gentleman, uncle",,older than parent,
小父さん,小父[おじ]さん,"(hon.) middle-aged gentleman, uncle",,nonrelative,
叔父さん,叔父[おじ]さん,"(hon.) middle-aged gentleman, uncle",,younger than parant,
お邪魔します,お 邪魔[じゃま]します,Excuse me for disturbing you,,,
お世話になりました,お 世話[せわ]になりました,I've been in your care,,,
お大事に,お 大事[だいじ]に,"Take care of yourself, Take care!, Get well soon",,,
落着く,落着[おちつ]く,"to calm down, to settle down",,,
お出掛け,お 出掛[でか]け,outing,,,
お手伝いさん,お 手伝[てつだ]いさん,maid,,,
脅かす,脅[おど]かす,"to threaten, to coerce",,,
落し物,落[おとしもの]し物[おとしもの],lost property,,,
驚かす,驚[おどろ]かす,"to surprise, to frighten",,,
お願いします,お 願[ねが]いします,"Please (lit., I request)",,,
伯母,伯母[おば],(humble) aunt (older than one's parent),,,
叔母,叔母[おば],aunt (younger than one's parent),,,
小母さん,小母[おば]さん,"lady, woman, ma'am",,,
おはよう,おはよう,(abbr.) Good morning,,,
お参り,お 参[まい]り,"worship, shrine visit",,,
お待たせしました,お 待[ま]たせしました,Sorry to have kept you waiting,,,
お待ちください,お 待[ま]ちください,Please wait a moment,,,
おまちどおさま,おまちどおさま,Sorry to have kept you waiting,,,
おめでたい,おめでたい,"happy event, matter for congratulation",,,
思い掛けない,思[おもいが]い掛けない,"unexpected, casual",,,
重たい,重[おも]たい,"heavy, massive, serious",,,
お休み,お 休[やす]み,"holiday, absence; (exp.) Good night",,,
おやつ,おやつ,"between meal snack, afternoon refreshment",,,
親指,親指[おやゆび],thumb,,,
オルガン,オルガン,organ,,,
温泉,温泉[おんせん],"spa, hot spring",,,
温帯,温帯[おんたい],temperate zone,,,
御中,御中[おんちゅう],Messrs.,,,
～日,"～日[～か, ~じつ]","counter for days, days",,,
～下,～下[～か],under ~,,,
～歌,～歌[～か],song of ~,,,
～画,～画[～が],"picture, painting",,,
カーブ,カーブ,curve; curve ball (baseball),,,
外～,外～[がい～],"foreign ~, outside ~",,,
～外,～外[～がい],out of ~,,,
開会,開会[かいかい],opening of a meeting,,,
会館,会館[かいかん],"meeting hall, assembly hall",,,
解散,解散[かいさん],"breakup, dissolution",,,
海水浴,海水浴[かいすいよく],"sea bathing, seawater bath",,,
回数,回数[かいすう],"number of times, frequency",,,
開通,開通[かいつう],"opening, open",,,
回転,回転[かいてん],"rotation, turning",,,
解答,解答[かいとう],"answer, solution",,,
回答,回答[かいとう],"reply, answer",,,
外部,外部[がいぶ],"the outside, external",,,
解放,解放[かいほう],"release, liberation, emancipation",,,
開放,開放[かいほう],"open, throw open, liberalization",,,
海洋,海洋[かいよう],ocean,,,
概論,概論[がいろん],"introduction, general remark",,,
却って,却[かえ]って,"on the contrary, rather",,,
家屋,家屋[かおく],"house, building",,,
書留,書留[かきとめ],registered mail,,,
書取,書取[かきとり],dictation,,,
垣根,垣根[かきね],hedge,,,
限り,限[かぎ]り,"limit(s), as far as possible",,,
架空,架空[かくう],"imaginary, fiction, fanciful",,,
各自,各自[かくじ],"individual, each",,,
拡充,拡充[かくじゅう],expansion,,,
学術,学術[がくじゅつ],"science, learning, scholarship",,,
各地,各地[かくち],various parts of the country,,,
拡張,拡張[かくちょう],"expansion, extension",,,
角度,角度[かくど],angle,,,
学年,学年[がくねん],"year in school, grade in school",,,
格別,格別[かくべつ],exceptional,,,
確率,確率[かくりつ],probability,,,
可決,可決[かけつ],"approval, adoption (e.g., motion, bill), passage",,,
火口,火口[かこう],crater (of a volcano),,,
下降,下降[かこう],"decline, descent, fall",,,
火山,火山[かざん],volcano,,,
かしこまりました,かしこまりました,Certainly,,,
貸し出し,貸[かしだ]し出し,"lending, loaning",,,
貸間,貸間[かしま],room to let,,,
貸家,貸家[かしや],house for rent,,,
箇所,箇所[かしょ],"place, point, part",,,
課税,課税[かぜい],taxation,,,
下線,下線[かせん],"underline, underscore",,,
カセット,カセット,cassette (tape),,,
加速（度）,加速（度）[かそくど],acceleration,,,
塊,塊[かたまり],"lump, mass, cluster",,,
片寄る,片寄[かたよ]る,"to be one-sided, to incline, to be partial",,,
～がち,～がち,tend to do ~,,,
学科[がっか],学科[][がっか],"study subject, course of study",,,
学級,学級[がっきゅう],"class (class 3a, class 5b, etc)",,,
括弧,括弧[かっこ],"parenthesis, brackets",,,
活字,活字[かつじ],printing type,,,
活力,活力[かつりょく],"vitality, energy",,,
仮名,仮名[かな],kana,,,
仮名遣い,仮名遣[かなづか]い,"kana orthography, syllabary spelling",,,
兼ねる,兼[か]ねる,to simultaneously serve two or more functions,,,
カバー,カバー,"cover (e.g., book)",,,
過半数,過半数[かはんすう],majority,,,
かび (～がはえる),かび (～がはえる),"mold, mildew",,,
被せる,被[かぶ]せる,to cover (with something),,,
構いません,構[かま]いません,it's all right; one doesn’t mind,,,
紙屑,紙屑[かみくず],wastepaper,,,
神様,神様[かみさま],god,,,
剃刀,剃刀[かみそり],razor,,,
ガム,ガム,chewing gum,,,
貨物,貨物[かもつ],"cargo, freight",,,
カラー,カラー,"collar, color",,,
からかう,からかう,"to ridicule, to make fun of",,,
空っぽ,空[から]っぽ,"empty, vacant, hollow",,,
かるた,かるた,playing cards (POR: carta),,,
枯れる,枯[か]れる,"to wither, to die (plant), to be blasted (plant)",,,
カロリー,カロリー,calorie,,,
可愛がる,可愛[かわい]がる,"to love, to be affectionate",,,
為替,為替[かわせ],"money order, exchange",,,
瓦,瓦[かわら],roof tile,,,
～刊,～刊[～かん],"~ issued (magazine, newspaper)",,,
～間,～間[～かん],"between, during",,,
～巻,～巻[～かん],volume,,,
～館,～館[～かん],"~ hall, ~ building",,,
換気,換気[かんき],ventilation,,,
感激,感激[かんげき],"deep emotion, impression, inspiration",,,
関西,関西[かんさい],"south-western half of Japan, including Osaka",,,
元日,元日[がんじつ],New Year's Day,,,
鑑賞,鑑賞[かんしょう],appreciation,,,
感ずる,感[かん]ずる,"to feel, to sense",,,
間接,間接[かんせつ],"indirect, indirectness",,,
寒帯,寒帯[かんたい],frigid zone,,,
官庁,官庁[かんちょう],"government office, authorities",,,
勘違い,勘違[かんちが]い,"misunderstanding, wrong guess",,,
缶詰,缶詰[かんづめ],"canning, canned goods,",,,
乾電池,乾電池[かんでんち],"dry cell, battery",,,
関東,関東[かんとう],"eastern half of Japan, including Tokyo",,,
観念,観念[かんねん],"idea, notion; sense",,,
乾杯,乾杯[かんぱい],Cheers! (a toast),,,
冠,冠[かんむり],"crown, wreath",,,
漢和,漢和[かんわ],"Chinese Character-Japanese (e.g., dictionary)",,,
気圧,気圧[きあつ],atmospheric pressure,,,
着替え,着替[きが]え,"changing clothes, change of clothes",,,
着替える,着替[きが]える,to change (one's) clothes,,,
機関車,機関車[きかんしゃ],"locomotive, engine",,,
飢饉,飢饉[ききん],famine,,,
器具,器具[きぐ],instrument,,,
記号,記号[きごう],"symbol, code",,,
儀式,儀式[ぎしき],"ceremony, rite, ritual",,,
基準,基準[きじゅん],"standard, basis, criteria",,規準,
起床,起床[きしょう],"rising, getting out of bed",,,
基礎,基礎[きそ],"foundation, basis",,fundamental,
基地,基地[きち],base,,,
客間,客間[きゃくま],"parlor, guest room",,,
ギャング,ギャング,gang,,,
キャンパス,キャンパス,campus,,,
清い,清[きよ]い,"clear, pure, noble",,,
～教,～教[～きょう],religion,,,
～行,～行[～ぎょう],"line, row",,,
境界,境界[きょうかい],boundary,,,
共産～,共産～[きょうさん～],communist ~,,,
教養,教養[きょうよう],"culture, education, sophistication",,,
漁業,漁業[ぎょぎょう],fishing (industry),,,
曲線,曲線[きょくせん],curve,,,
規律,規律[きりつ],"order, rules, law",,,
斬る,斬[き]る,"to behead, to murder",,,
～きる,～きる,"nevertheless, to carry through",,,
～切れ,～ 切[き]れ,out of ~,,,
気を付ける,気[きをつ]を付ける,"to be careful, to pay attention, to take care",,,
金魚,金魚[きんぎょ],goldfish,,,
区域,区域[くいき],"zone, district, area",,,
空～,空～[くう～],empty ~,,,
偶数,偶数[ぐうすう],even number,,,
空中,空中[くうちゅう],"sky, air",,,
クーラー,クーラー,air conditioner,,,
区切る,区切[くぎ]る,"to punctuate, to cut off, to mark off",,,
櫛,櫛[くし],comb,,,
苦心,苦心[くしん],"pain, trouble",,,
屑,屑[くず],"waste, scrap",,,
薬指,薬指[くすりゆび],ring finger,,,
崩れる,崩[くず]れる,"to collapse, to crumble",,,
砕く,砕[くだ]く,"to break, to smash",,,
砕ける,砕[くだ]ける,"to break, to be broken",,,
～口,～口[～くち],"~ opening; ~ entrance, ~ exit",,,
唇,唇[くちびる],lip,,,
口紅,口紅[くちべに],lipstick,,,
くっつく,くっつく,"to adhere to, to keep close to",,,
くっつける,くっつける,to attach,,,
配る,配[くば]る,"to distribute, to deliver",,,
区分,区分[くぶん],"division, section, classification",,,
組合せ,組合[くみあわ]せ,combination,,,
クリーニング,クリーニング,"cleaning, dry cleaning, laundry service",,,
くれぐれも,くれぐれも,"repeatedly, sincerely, earnestly",,,
～形,～形[～けい],shape of ~,,,
～系,～系[～けい],"~ system, ~ lineage, ~ group",,,
稽古,稽古[けいこ],"practice, training, study",,,
蛍光灯,蛍光灯[けいこうとう],fluorescent lamp,,,
形式,形式[けいしき],"form, formality, format",,,
継続,継続[けいぞく],continuation,,,
経度,経度[けいど],longitude,,,
系統,系統[けいとう],"system, genealogy",,,
芸能,芸能[げいのう],"public entertainment, performing arts",,,
競馬,競馬[けいば],horse racing,,,
警備,警備[けいび],"defense, guard, policing, security",,,
形容詞,形容詞[けいようし],adjective,,,
形容動詞,形容動詞[けいようどうし],"adjectival noun, quasi-adjective",,,
毛皮,毛皮[けがわ],"fur, skin, pelt",,,
激増,激増[げきぞう],sudden increase,,,
下水,下水[げすい],"drainage, sewage, ditch, gutter, sewerage",,,
桁,桁[けた],"column, beam, digit",,,
気配,気配[けはい],"indication, sign, hint",,,
下品,下品[げひん],"vulgar, indecent, coarse",,,
見学,見学[けんがく],"tour, study by observation",,,
原稿,原稿[げんこう],"manuscript, copy",,,
原産,原産[げんさん],place of origin,,,
原始,原始[げんし],"origin, primeval",,,
謙遜,謙遜[けんそん],"humble, humility, modesty",,,
県庁,県庁[けんちょう],prefectural office,,,
限[げん]度[ど],限[][げん]度[ど],"limit, bounds",,,
現に,現[げん]に,"actually, really",,,
顕微鏡,顕微鏡[けんびきょう],microscope,,,
懸命,懸命[けんめい],"eagerness, strenuous",,,
原理,原理[げんり],"principle, theory, fundamental truth",,,
原料,原料[げんりょう],raw materials,,,
～校,～校[～こう],counter for school,,,
～港,～港[～こう],~ port,,,
～号,～号[～ごう],counter for magazine; the name of ship,,,
工員,工員[こういん],factory worker,,,
公共,公共[こうきょう],"public, community, communal",,,
孝行,孝行[こうこう],filial piety,,,
交差,交差[こうさ],"crossing, intersection",,,
工事,工事[こうじ],construction work,,,
公式,公式[こうしき],"formula, formality, official",,,
口[こう]実[じつ],口[][こう]実[じつ],excuse,,,
こうして,こうして,"like this, with this",,,
公衆,公衆[こうしゅう],the public,,,
香水,香水[こうすい],perfume,,,
功績,功績[こうせき],"achievements, merit",,,
光線,光線[こうせん],"beam, light ray",,,
高層,高層[こうそう],"tall, high rise",,,
交替,交替[こうたい],"change, relief, alteration",,,
耕地,耕地[こうち],arable land,,,
校庭,校庭[こうてい],school yard,,,
肯定,肯定[こうてい],"positive, affirmation",,,
高等,高等[こうとう],"high class, high grade",,,
合同,合同[ごうどう],"combination, incorporation",,,
高等学校,高等学校[こうとうがっこう],senior high school,,,
公表,公表[こうひょう],"official announcement, proclamation",,,
鉱物,鉱物[こうぶつ],mineral,,,
公務,公務[こうむ],"official business, public business",,,
紅葉,紅葉[こうよう<br>もみじ],"fall colors (of leaves), leaves changing color<br>Japanese maple",suru<br>n,,
合理,合理[ごうり],rational,,,
交流,交流[こうりゅう],exchange; alternating current,,,
効力,効力[こうりょく],"effect, efficacy",,,
コース,コース,course,,,
コーラス,コーラス,chorus,,,
～国,～国[～こく],nation of ~,,,
国王,国王[こくおう],king,,,
国立,国立[こくりつ],national,,,
ご苦労様,ご 苦労様[くろうさま],Thank you for your had work,,,
心得る,心得[こころえ]る,"to understand, to have thorough knowledge",,,
腰掛け,腰掛[こしか]け,"seat, bench",,,
五十音,五十音[ごじゅうおん],the Japanese syllabary,,,
こしらえる,こしらえる,"to make, to manufacture",,,
擦る,擦[こす]る,"to rub, to chafe, to file, to frost (glass), to strike (match)",,,
個体,個体[こたい],an individual,,,
ごちそうさま,ごちそうさま,Thank you for the meal,,,
こちらこそ,こちらこそ,it is I who should say so,,,
コック,コック,"cook; tap, cock",,,
こっそり,こっそり,"stealthily, secretly",,,
〜 (まる) ごと,〜 (まる) ごと,"whole ~, all of ~",,,
こないだ,こないだ,"the other day, lately, recently",,,
御無沙汰,御無沙汰[ごぶさた],not writing or contacting for a while,,,
ゴム,ゴム,"gum, rubber",,,
御免,御免[ごめん],"declining (something); pardon, sorry",,,
ごめんください,ごめんください,"May I come in, Is anyone here",,,
小指,小指[こゆび],little finger,,,
堪える,堪[こら]える,"to bear, to endure, to put up with",,,
御覧,御覧[ごらん],"(hon.) look, inspection, try",,,
コレクション,コレクション,collection; correction,,,
転がす,転[ころ]がす,to roll,,,
転がる,転[ころ]がる,"to roll, to tumble",,,
紺,紺[こん],"navy blue, deep blue",,,
コンクール,コンクール,contest (FRE: concours),,,
コンクリート,コンクリート,concrete,,,
コンセント,コンセント,consent; power outlet,,,
こんばんは,こんばんは,good evening,,,
サークル,サークル,"circle, sports club (e.g., at a company)",,,
在学,在学[ざいがく],(enrolled) in school,,,
祭日,祭日[さいじつ],"national holiday, festival day",,,
催[さい]促[そく],催[][さい]促[そく],"demand, urge (action), press for",,,
災難,災難[さいなん],"calamity, misfortune",,,
材木,材木[ざいもく],"lumber, timber",,,
サイレン,サイレン,siren,,,
逆様,逆様[さかさま],"reverse, upside down",,逆さ,
捜[さが]す,捜[][さが]す,"to search, to seek, to look for",,,
遡る,遡[さかのぼ]る,"to go back, to date back; ascend",,,
酒場,酒場[さかば],"bar, bar-room",,,
一昨昨日,一昨昨日[さきおととい],"two days before yesterday, three days ago",,,
先程,先程[さきほど],a little while ago,,,
作者,作者[さくしゃ],"author, artist",,,
作製,作製[さくせい],"manufacture, production",,,
探る,探[さぐ]る,"to search, to look for, investigate",,,
囁く,囁[ささや]く,"to whisper, to murmur",,,
座敷,座敷[ざしき],tatami room,,,
差し支え,差[さしつか]し支え,"hindrance, impediment",,,
差し引き,差[さしひ]し引き,"deduction, balance",,,
(かさを～) さす,(かさを～) さす,to open; hold (an umbrella),,,
流石,流石[さすが],"indeed, truly, as one would expect",,,
雑音,雑音[ざつおん],"noise (jarring, grating)",,,
錆,錆[さび],rust (color),,,
錆びる,錆[さ]びる,"to rust, to become rusty",,,
座布団,座布団[ざぶとん],cushion (Japanese),,,
妨げる,妨[さまた]げる,"to disturb, to prevent",,,
さようなら,さようなら,good-bye,,,
サラリーマン,サラリーマン,salaryman; company employee,,,
さわやか,さわやか,"fresh, refreshing",,,
～山,～山[～さん],the name of mountain,,,
算数,算数[さんすう],arithmetic,,,
産地,産地[さんち],producing area,,,
山林,山林[さんりん],mountain forest,,,
～史,～史[～し],history of ~,,,
～紙,～紙[～し],"newspaper, type of paper",,,
～寺,～寺[～じ],the name of temple,,,
明明後日,明明後日[しあさって],two days after tomorrow,,,
シーツ,シーツ,sheet,,,
寺院,寺院[じいん],temple,,,
しいんと (する),しいんと (する),"silent (as the grave), (deathly) quiet",,,
自衛,自衛[じえい],self-defense,,,
司会,司会[しかい],"host, chairperson",,,
四角い,四角[しかく]い,square,,,
仕方がない,仕方[しかた]がない,"it can't be helped, it's inevitable",,,
～時間目,～時間目[～じかんめ],"~th hour, ~th period",,,
〜(日本) 式,〜(日本) 式[～(にほん) しき],"custom,",,,
敷地,敷地[しきち],site,,,
敷く,敷[し]く,"to spread out, to lay out",,,
茂る,茂[しげ]る,to grow thick,,,
四捨五入,四捨五入[ししゃごにゅう],rounding up (fractions),,,
始終,始終[しじゅう],"continuously, always, constantly",,,
時速,時速[じそく],speed (per hour),,,
死体,死体[したい],corpse,,,
下書き,下書[したが]き,"rough copy, draft",,,
自宅,自宅[じたく],one's own home (same as 自分の家 (じぶんのいえ)),,,
下町,下町[したまち],old parts of town,,,
自治,自治[じち],"self-government, autonomy",,,
室～,室～[しつ～],room,,,
～室,～室[～しつ],counter for room,,,
実感,実感[じっかん],"feelings, realization",,,
湿気,湿気[しっき],"moisture, humidity, dampness",,,
実習,実習[じっしゅう],"practice, training",,,
実績,実績[じっせき],"achievements, actual results",,,
実物,実物[じつぶつ],an actual thing,,,
しっぽ,しっぽ,tail (animal),,,
実用,実用[じつよう],"practical use, utility",,,
しつれいしました (かん),しつれいしました (かん),"Excuse me., I'm sorry.",,,
実例,実例[じつれい],"example, instance",,,
私鉄,私鉄[してつ],private railway,,,
紙幣,紙幣[しへい],"paper money, notes, bills",,,
しぼむ,しぼむ,"to wither, to shrivel",,,
縞,縞[しま],stripe,,,
～おしまい (おわり),～おしまい (おわり),end up ~,,,
氏名,氏名[しめい],full name,,,
締切,締切[しめきり],deadline,,,
締め切る,締[しめき]め切る,"to close, cancel",,,
しめた (かん),しめた (かん),"I've got it, all right, fine",,,
地面,地面[じめん],"ground, earth's surface",,,
～車,～車[～しゃ],~ car,,,
～社,～社[～しゃ],counter for company,,,
蛇口,蛇口[じゃぐち],"faucet, tap",,,
弱点,弱点[じゃくてん],"weak point, weakness",,,
車庫,車庫[しゃこ],"garage, car shed",,,
車掌,車掌[しゃしょう],(train) conductor,,,
写生,写生[しゃせい],"sketching, drawing from nature",,,
社説,社説[しゃせつ],editorial,,,
シャッター,シャッター,shutter,,,
車輪,車輪[しゃりん],(car) wheel,,,
洒落,洒落[しゃれ],"joke, pun, witticism",,,
じゃんけん,じゃんけん,rock-scissors-paper game,,,
～手,～手[～しゅ],"~ player, person who does ~",,,
～集,～集[～しゅう],collection of ~,,,
集会,集会[しゅうかい],"meeting, assembly",,,
集金,集金[しゅうきん],money collection,,,
集合,集合[しゅうごう],"gathering, assembly",,,
習字,習字[しゅうじ],penmanship,,,
修繕,修繕[しゅうぜん],"repair, mending",,,
じゅうたん (カーペット),じゅうたん (カーペット),carpet,,,
終点,終点[しゅうてん],"terminus, last stop (e.g train)",,,
重点,重点[じゅうてん],"important point, lay stress on, emphasis",,,
リズム,リズム,rhythm,,,
リボン,リボン,ribbon,,,
略す,略[りゃく]す,to abbreviate,,,
～流,～流[～りゅう],"fashion, manner, way",,,
流域,流域[りゅういき],(river) basin,,,
～領,～領[～りょう],territory,,,
両側,両側[りょうがわ],both sides,,,
漁師,漁師[りょうし],fisherman,,,
領事,領事[りょうじ],consul,,,
臨時,臨時[りんじ],"temporary, special, extraordinary",,,
留守番,留守番[るすばん],"care-taking, caretaker, house-watching",,,
零点,零点[れいてん],"zero, no marks",,,
冷[れい]凍[とう],冷[][れい]凍[とう],"freezing, cold storage, refrigeration",,,
レインコート,レインコート,raincoat,,,
レクリェーション,レクリェーション,recreation,,,
列島,列島[れっとう],chain of islands,,,
リポート,リポート,"report, paper",,,
煉瓦,煉瓦[れんが],brick,,,
連合,連合[れんごう],"union, alliance",,,
レンズ,レンズ,lens,,,
ろうそく,ろうそく,candle,,蝋燭,
ローマ字,ローマ 字[じ],"romanization, Roman letters (alphabet)",,,
録音,録音[ろくおん],(audio) recording,,,
ロッカー,ロッカー,locker,,,
ロビー,ロビー,lobby,,,
～論,～論[～ろん],theory,,,
論ずる,論[ろん]ずる,"to argue, to discuss",,,
和～,和～[わ～],Japanese style,,,
～羽,～羽[～わ],counter for rabbits; birds,,,
和英,和英[わえい],Japanese-English,,,
我～,我～[わが～],our ~,,,
若々しい,若々[わかわか]しい,"youthful, young",,,
詫びる,詫[わ]びる,to apologize,,,
和服,和服[わふく],Japanese clothes,,,
割合に,割合[わりあい]に,comparatively,,,
割算,割算[わりざん],division (math),,,
割引,割引[わりびき],discount,,,
ワンピース,ワンピース,one-piece dress,,,
アイデア; アイディア,アイデア; アイディア,idea,,,
扇ぐ,扇[あお]ぐ,"to fan, to flap",,,
呆れる,呆[あき]れる,"to be shocked, to be appalled",,,
アクセント,アクセント,accent,,,
飽くまで,飽[あ]くまで,"to the end, to the last, stubbornly",,,
明くる～,明[あ]くる～,"next, following",,,
朝寝坊,朝寝坊[あさねぼう],"oversleeping, late riser",,,
足跡,足跡[あしあと],footprint,,,
足元,足元[あしもと],at one's feet,,,
あちらこちら,あちらこちら,here and there,,,
宛[あて]名[な],宛[][あて]名[な],"address, direction",,,
当てはまる,当[あ]てはまる,"to be applicable, to come under (a category)",,,
当てはめる,当[あ]てはめる,"to apply, to adapt",,,
あぶる,あぶる,"to scorch, to roast",,,
あふれる,あふれる,"to flood, to overflow",,,
雨戸,雨戸[あまど],sliding storm door,,,
甘やかす,甘[あま]やかす,"to pamper, to spoil",,,
余る,余[あま]る,"to be left over, to be in excess",,,
怪しい,怪[あや]しい,"suspicious, dubious, doubtful",,,
有難い,有難[ありがた]い,"grateful, thankful, appreciated",,,
アンテナ,アンテナ,antenna,,,
～位,～位[～い],~th place,,,
言い付ける,言[いいつ]い付ける,"to tell, to order",,,
意義,意義[いぎ],"meaning, significance",,,
幾～,幾～[いく～],several ~,,,
育児,育児[いくじ],"childcare, nursing",,,
生け花,生[いけばな]け花[いけばな],flower arrangement,,,
以後,以後[いご],after this; from now on; hereafter,,,
以降,以降[いこう],"on and after, hereafter",,,
イコール,イコール,equal,,,
勇ましい,勇[いさ]ましい,"brave, valiant",,,
衣食住,衣食住[いしょくじゅう],"food, clothing and shelter",,,
～いち (にほんいち),～いち (にほんいち),No. 1 ~ (in),,,
いちいち,いちいち,"one by one, separately",,,
一流,一流[いちりゅう],"first class, leading",,,
一昨日,一昨日[いっさくじつ],day before yesterday,,,
一昨年,一昨年[いっさくねん],year before last,,,
一斉,一斉[いっせい],"simultaneous, all at once",,,
一旦,一旦[いったん],"once, for a moment",,,
行っていらっしゃい,行[い]っていらっしゃい,"have a nice day, see you",,,
行ってらっしゃい,行[い]ってらっしゃい,"have a nice day, see you",,,
いってまいります,いってまいります,"(Lit.) I'll go and come back, 'I'm going, see you later'",,,
いってきます,いってきます,"(Lit.) I'll go and come back, 'I'm going, see you later'",,,
井戸,井戸[いど],water well,,,
緯度,緯度[いど],latitude (navigation),,,
煎る,煎[い]る,to roast,,,
炒る,炒[い]る,"to parch, to roast",,,
入れ物,入[いれもの]れ物[いれもの],"container, case",,,
インキ,インキ,ink,,,
引力,引力[いんりょく],"attraction (mag, grav)",,,
ウエートレス,ウエートレス,waitress,,,
植木,植木[うえき],"garden shrubs, trees, potted plant",,,
飢える,飢[う]える,to starve,,,
浮ぶ,浮[うか]ぶ,"to float, to rise to surface, to come to mind",,,
浮かべる,浮[う]かべる,to float; to express,,,
浮く,浮[う]く,to float,,,
承る,承[うけたまわ]る,"(humble) to hear, to be told, to know",,,
打[うち]合[あわ]せ,打[][うち]合[あわ]せ,"business meeting, previous arrangement",,,
うどん,うどん,udon noodles (Japanese traditional noodles),,,
うなずく,うなずく,to nod,,,
裏口,裏口[うらぐち],"backdoor, rear entrance",,,
占う,占[うらな]う,"to predict, to divine",,,
恨み,恨[うら]み,resentment,,,
羨む,羨[うらや]む,to envy,,,
売[うり]上[あげ],売[][うり]上[あげ],"amount sold, proceeds",,,
売り切れ,売[うりき]り切れ,sold-out,,,
売り切れる,売[うりき]り切れる,to be sold out,,,
売行き,売行[うれゆ]き,sales,,,
うろうろ,うろうろ,"loitering, aimless wandering",,,
上～,上～[うわ～],upper ~,,,
運河,運河[うんが],"canal, waterway",,,
英文,英文[えいぶん],sentence in English,,,
英和,英和[えいわ],"English-Japanese (e.g., dictionary)",,,
ええと,ええと,"let me see, well, er...",,,
液体,液体[えきたい],"liquid, fluid",,,
絵の具,絵[えのぐ]の具[えのぐ],"colors, paints",,,
エプロン,エプロン,apron,,,
偉い,偉[えら]い,"great, celebrated, remarkable,",,,
園芸,園芸[えんげい],"horticulture, gardening",,,
円周,円周[えんしゅう],circumference,,,
遠足,遠足[えんそく],"trip, hike, picnic",,,
延長,延長[えんちょう],"extension, prolongation",,,
煙突,煙突[えんとつ],chimney,,,
オイル,オイル,oil,,,
王女,王女[おうじょ],princess,,,
応接,応接[おうせつ],reception,,,
応対,応対[おうたい],"receiving, dealing with",,,
欧米,欧米[おうべい],"Europe and America, the West",,,
応[おう]用[よう],応[][おう]用[よう],"application, put to practical use",,,
電波,電波[でんぱ],electro-magnetic wave,,,
テンポ,テンポ,tempo,,,
電流,電流[でんりゅう],electric current,,,
問い合わせ,問[といあ]い合わせ,inquiry,,,
～島,～島[～とう],kind of islands,,,
銅,銅[どう],copper,,,
～道,～道[～どう],"kind of path, road",,,
どういたしまして (かん),どういたしまして (かん),"you are welcome, don't mention it",,,
同格,同格[どうかく],"the same rank, equality, apposition",,,
峠,峠[とうげ],"ridge, (mountain) pass, difficult part",,,
統計,統計[とうけい],"scattering, a scatter, dispersion",,,
動作,動作[どうさ],"action, movements, motions",,,
東西,東西[とうざい],"East and West, whole country",,,
当日,当日[とうじつ],"appointed day, very day",,,
投書,投書[とうしょ],"letter to the editor, letter from a reader, contribution",,,
登場,登場[とうじょう],entry (on stage),,,
灯台,灯台[とうだい],lighthouse,,,
当[とう]番[ばん],当[][とう]番[ばん],being on duty,,,
等分,等分[とうぶん],division into equal parts,,,
透明,透明[とうめい],"transparency, cleanness",,,
灯油,灯油[とうゆ],"lamp oil, kerosene",,,
童話,童話[どうわ],fairy tale,,,
～通り,～ 通[とお]り,"in accordance with ~; following ~; ~ street, ~ avenue",,,
通り掛かる,通[とおりか]り掛かる,to happen to pass by,,,
尖る,尖[とが]る,"to taper to a point, to become sharp",,,
特殊,特殊[とくしゅ],"special, unique",,,
特売,特売[とくばい],special sale,,,
溶け込む,溶[とけこ]け込む,to melt into; to become a part of,,,
床の間,床[とこのま]の間[とこのま],alcove,,,
～ところ,～ところ,about to do ~,,,
戸棚,戸棚[とだな],"cupboard, cabinet",,,
どっと,どっと,suddenly,,,
整う,整[ととの]う,"to be prepared, to be in order, to be arranged",,,
留まる,留[とどまる、と]まる,"to be fixed; to abide, to stay (in the one place)",,,
殿,殿[どの],Mister (mostly in addressing someone on an envelope),,,
ともかく,ともかく,"anyhow, at any rate, anyway",,,
捕える,捕[とら]える,"to seize, to capture, to arrest",,,
捕る,捕[と]る,"to take, to catch (fish)",,,
丼,丼[どんぶり],"porcelain bowl, bowl of rice with food on top",,,
～内,～内[～ない],inside ~,,,
内線,内線[ないせん],phone extension,,,
ナイロン,ナイロン,nylon,,,
長～,長～[なが～、ちょう～],long ~,,,
長引く,長引[ながび]く,"to be prolonged, to drag on",i,,
中指,中指[なかゆび],middle finger,,,
為す,為[な]す,"to accomplish, to do",,,
謎謎,謎謎[なぞなぞ],riddle,,,
傾らか,傾[なだ]らか,"gradual, gentle",,,
撫でる,撫[な]でる,"to brush gently, to stroke",,,
斜め,斜[なな]め,"diagonal, oblique",,,
なにしろ,なにしろ,"at any rate, in any case",,,
何々,何々[なになに],"such and such, What?",,,
並木,並木[なみき],"roadside tree, row of trees",,,
倣う,倣[なら]う,"to imitate, to follow, to emulate",,,
南極,南極[なんきょく],"south pole, Antarctic",,,
なんとなく,なんとなく,"somehow or other, for some reason or another",,,
なんとも,なんとも,"nothing (with neg. verb), quite, not a bit",,,
ナンバー,ナンバー,number,,,
南米,南米[なんべい],South America,,,
南北,南北[なんぼく],south and north,,,
匂う,匂[にお]う,"to be fragrant, to smell",,,
逃がす,逃[に]がす,"to let loose, to set free, to let escape",,,
～難い,～ 難[がた]い,hard (difficult) to do ~,,,
濁る,濁[にご]る,"to become muddy, to get cloudy",,,
虹,虹[にじ],rainbow,,,
日時,日時[にちじ],date and time,,,
日用品,日用品[にちようひん],daily necessities,,,
日課,日課[にっか],"daily work, daily routine",,,
女房,女房[にょうぼう],wife,,,
睨[にら]む,睨[][にら]む,"to glare at, to stare; to keep an eye on",,,
俄,俄[にわか],"sudden, abrupt, unexpected",,,
ねじ,ねじ,(a) screw,,,
捩る,捩[ねじ]る,to twist,,,
ネックレス,ネックレス,necklace,,,
寝間着,寝間着[ねまき],"sleep-wear, pajamas",,,
狙い,狙[ねら]い,aim,,,
狙う,狙[ねら]う,to aim at,,,
～年生,～年生[～ねんせい],counter for school year,,,
年度,年度[ねんど],"year, fiscal year",,,
農産物,農産物[のうさんぶつ],agricultural produce,,,
農村,農村[のうそん],agricultural community,,,
濃度,濃度[のうど],"concentration, density",,,
農薬,農薬[のうやく],agricultural chemicals,,,
のこぎり,のこぎり,saw,,,
残らず,残[のこ]らず,"completely, without exception",,,
上り,上[のぼ]り,"up-train (going to Tokyo), ascent",,,
糊,糊[のり],"glue, paste, starch",,,
乗換,乗換[のりかえ],"a transfer (e.g., trains, buses)",,,
乗り越し,乗[のりこ]り越し,riding past (one's station),,,
はい (かん),はい (かん),yes,,,
灰色,灰色[はいいろ],"grey, ashen",,,
俳句,俳句[はいく],haiku poetry,,,
バイバイ,バイバイ,bye bye,,,
売買,売買[ばいばい],"trade, buying and selling",,,
這う,這[は]う,"to creep, to crawl",,,
剥す,剥[はが]す,"to tear off, to peel off, to rip off",,,
ばからしい,ばからしい,absurd,,,
秤,秤[はかり],"scales, weighing machine",,,
～泊,～泊[～はく],"counter for staying (e.g., 2 nights)",,,
歯車,歯車[はぐるま],"gear, cog-wheel",,,
バケツ,バケツ,"bucket, pail",,,
挟まる,挟[はさ]まる,"to get between, to be caught in",,,
梯子,梯子[はしご],"ladder, stairs",,,
始めに,始[はじ]めに,"to begin with, first of all",,,
初めに,初[はじ]めに,"to begin with, first of all",,,
はじめまして,はじめまして,"How do you do, I am glad to meet you",,,
斜,斜[はす],diagonal,,,
パターン,パターン,pattern,,,
肌着,肌着[はだぎ],underwear,,,
果して,果[はた]して,"as was expected, really",,,
鉢,鉢[はち],"a bowl, a pot",,,
発揮,発揮[はっき],"exhibition, demonstration, display",,,
バック,バック,back,,,
発電,発電[はつでん],"generation (e.g., power)",,,
発売,発売[はつばい],sale,,,
話合い,話合[はなしあ]い,"discussion, talk",,,
花火,花火[はなび],fireworks,,,
ばね,ばね,"spring (e.g., coil, leaf)",,,
破片,破片[はへん],"fragment, broken piece",,,
歯磨き,歯磨[はみが]き,"toothbrushing, toothpaste",,,
はめる,はめる,"(col) to get in, to insert, to put on",,,
早口,早口[はやくち],fast-talking,,,
払い戻す,払[はらいもど]い戻す,"to repay, to pay back",,,
針金,針金[はりがね],wire,,,
反映,反映[はんえい],"reflection, influence",,,
半径,半径[はんけい],radius,,,
判子,判子[はんこ],seal (used for signature),,,
万歳,万歳[ばんざい],"banzai, Long live ~!",,,
判事,判事[はんじ],"judge, justice",,,
番地,番地[ばんち],"house number, address",,,
パンツ,パンツ,underpants,,,
バンド,バンド,band,,,
ハンドル,ハンドル,"handle, steering wheel",,,
～番目,～番目[～ばんめ],~th,,,
日当たり,日当[ひあ]たり,"exposure to the sun, sunny place",,,
比較的,比較的[ひかくてき],comparatively; relatively,,,
引受る,引受[ひきうけ]る,"to undertake, to take up, to take over",,,
引算,引算[ひきざん],subtraction,,,
卑怯,卑怯[ひきょう],"cowardice, meanness, unfairness",,,
引分け,引分[ひきわ]け,"a draw (in competition), tie game",,,
陽射,陽射[ひざし],"sunlight, rays of the sun",,,
肘,肘[ひじ],elbow,,,
ピストル,ピストル,pistol,,,
ぴたり,ぴたり,exactly; close-fitting,,,
筆記,筆記[ひっき],"note taking, writing",,,
引っ繰り返る,引[ひっくりかえ]っ繰り返る,"to be overturned, to be upset, to topple over, to be reversed",,,
一～,一～[ひと～],one ~,,,
人差指,人差指[ひとさしゆび],index finger,,,
一通り,一通[ひととお]り,"general, briefly",,,
瞳,瞳[ひとみ],pupil (of eye),,,
一休み,一休[ひとやす]み,a rest,,,
独り言,独[ひとりごと]り言[ひとりごと],"a soliloquy, a monologue, speaking to oneself",,,
ひとりでに,ひとりでに,"by itself, automatically, naturally",,,
ビニール,ビニール,vinyl,,,
日日,日日[ひにち],date,,,
捻る,捻[ひね]る,"to twist, to turn",,,
日の入り,日[ひのい]の入り,sunset,,,
日の出,日[ひので]の出[ひので],sunrise,,,
響き,響[ひび]き,"echo, sound",,,
響く,響[ひび]く,to resound; to affect,,,
皮膚,皮膚[ひふ],skin,,,
ひゃっかじてん,ひゃっかじてん,encyclopedia,,,
～病,～病[～びょう],kind of disease,,,
表紙,表紙[ひょうし],"front cover, binding",,,
標準,標準[ひょうじゅん],"standard, level",,,
ビルディング,ビルディング,building,,,
昼寝,昼寝[ひるね],"nap (at home), siesta",,,
広さ,広[ひろ]さ,extent,,,
広々,広々[ひろびろ],"extensive, spacious",,,
ピンク,ピンク,pink,,,
便箋,便箋[びんせん],"writing paper, stationery",,,
瓶詰,瓶詰[びんづめ],"bottling, bottled",,,
～部,～部[～ぶ],~ part,,,
ファスナー,ファスナー,"fastener, zipper",,,
風船,風船[ふうせん],balloon,,,
付近,付近[ふきん],"neighborhood, vicinity",,,
副詞,副詞[ふくし],adverb,,,
複写,複写[ふくしゃ],"copy, duplicate",,,
複数,複数[ふくすう],"plural, multiple",,,
膨らます,膨[ふく]らます,"to swell, to expand, to inflate",,,
更ける,更[ふ]ける,"to get late, to wear on",,,
符号,符号[ふごう],"sign, mark, symbol",,,
夫妻,夫妻[ふさい],"man and wife, married couple",,,
塞がる,塞[ふさ]がる,"to be plugged up, to be shut up",,,
塞ぐ,塞[ふさ]ぐ,"to stuff, to close up, to block (up)",,,
無沙汰,無沙汰[ぶさた],neglecting to stay in contact,,,
襖,襖[ふすま],sliding screen,,,
附属,附属[ふぞく],"attached, belonging, affiliated",,,
父母,父母[ふぼ],"father and mother, parents",,,
麓,麓[ふもと],"the foot, the bottom, the base (of a mountain)",,,
フライパン,フライパン,"fry pan, frying pan",,,
ブラウス,ブラウス,blouse,,,
ぶらさげる,ぶらさげる,"to hang, to suspend, to swing",,,
プラットホーム,プラットホーム,platform,,,
フリー,フリー,free,,,
プリント,プリント,"print, handout",,,
故郷,故郷[ふるさと],"home town, birthplace",,古里,
振舞う,振舞[ふるま]う,"to behave, to conduct",,,
ブローチ,ブローチ,brooch,,,
風呂敷,風呂敷[ふろしき],"wrapping cloth, cloth wrapper",,,
ふわふわ,ふわふわ,"light, soft",,,
分解,分解[ぶんかい],"analysis, disassembly",,,
文芸,文芸[ぶんげい],"literature, art and literature",,,
文献,文献[ぶんけん],"literature, books (reference)",,,
分数,分数[ぶんすう],fraction (in math),,,
文体,文体[ぶんたい],literary style,,,
分布,分布[ぶんぷ],distribution,,,
文房具,文房具[ぶんぼうぐ],stationery,,,
文脈,文脈[ぶんみゃく],context,,,
分量,分量[ぶんりょう],"amount, quantity",,,
分類,分類[ぶんるい],classification,,,
閉会,閉会[へいかい],closure,,,
並行,並行[へいこう],"(going) side by side, concurrent, at the same time",,,
平日,平日[へいじつ],weekday,,,
兵隊,兵隊[へいたい],soldier,,,
平凡,平凡[へいぼん],"common, ordinary",,,
凹む,凹[へこ]む,"to be dented, to be indented",,,
へそ,へそ,"navel, belly-button",,,
隔てる,隔[へだ]てる,to be shut out,,,
別々,別々[べつべつ],"separately, individually",,,
ヘリコプター,ヘリコプター,helicopter,,,
～遍,～遍[～へん],time,,,
～弁,～弁[～べん],"speech, dialect",,,
編集,編集[へんしゅう],"editing, compilation, editorial (e.g., committee)",,,
便[べん]所[じょ],便[][べん]所[じょ],"toilet, lavatory",,,
ペンチ,ペンチ,pliers (lit: pinchers),,,
～歩,～歩[～ほ],"step, pace",,,
～ぽい,～ぽい,~ish,,,
～ほう (ひかく),～ほう (ひかく),(in comparison),,,
防～,防～[ぼう～],~ prevention,,,
望遠鏡,望遠鏡[ぼうえんきょう],telescope,,,
方角,方角[ほうがく],"direction, way",,,
箒,箒[ほうき],broom,,,
方言,方言[ほうげん],dialect,,,
坊さん,坊[ぼう]さん,"Buddhist priest, monk",,,
方針,方針[ほうしん],"objective, plan, policy",,,
法則,法則[ほうそく],"law, rule",,,
膨大,膨大[ぼうだい],"enormous, extensive",,,
包丁,包丁[ほうちょう],"kitchen knife, carving knife",,,
方程式,方程式[ほうていしき],equation,,,
防犯,防犯[ぼうはん],prevention of crime,,,
方面,方面[ほうめん],direction; area,,,
坊や,坊[ぼう]や,boy,,,
放る,放[ほう]る,"to throw, toss<br>Neglect, abandon",t,,
朗らか,朗[ほが]らか,"bright, cheerful, melodious",,,
牧場,牧場[ぼくじょう],farm (livestock); pasture land,,,
牧畜,牧畜[ぼくちく],stock-farming,,,
保健,保健[ほけん],"health preservation, hygiene, sanitation",,,
ポスター,ポスター,poster,,,
北極,北極[ほっきょく],North Pole,,,
坊っちゃん,坊[ぼ]っちゃん,son (of others),,,
ぼろ,ぼろ,"rag, tattered clothes",,,
盆,盆[ぼん],Festival of the Dead; tray,,,
ほんの～,ほんの～,"mere, just",,,
本部,本部[ほんぶ],headquarters,,,
本来,本来[ほんらい],"essentially, naturally, by nature",,,
まあまあ,まあまあ,okay; so-so; decent,,,
毎～,毎～[まい～],every ~,,,
毎度,毎度[まいど],"each time, common service-sector greeting",,,
枕,枕[まくら],pillow,,,
曲げる,曲[ま]げる,"to bend, to crook, to lean",,,
まごまご,まごまご,"confused, be at a loss",,,
摩擦,摩擦[まさつ],friction; rubbing; chafe,,,
マスク,マスク,mask,,,
またぐ,またぐ,to straddle,,,
待合室,待合室[まちあいしつ],waiting room,,,
街角,街角[まちかど],street corner,,,
真っ黒,真[まっくろ]っ黒[まっくろ],pitch black,,,
真っ青,真[まっさお]っ青[まっさお],"deep blue, ghastly pale",,,
真っ先,真[まっさき]っ先[まっさき],"foremost, beginning",,,
真っ白,真[まっしろ]っ白[まっしろ],pure white,,,
祭る,祭[まつ]る,"to deify, to enshrine",,,
窓口,窓口[まどぐち],(ticket) window,,,
真似る,真似[まね]る,"to mimic, to imitate",,,
まぶた,まぶた,eyelids,,,
マフラー,マフラー,a winter scarf,,,
間も無く,間[まもな]も無く,"soon, in a short time",,,
マラソン,マラソン,marathon,,,
稀,稀[まれ],"rare, seldom",,,
回り道,回[まわりみち]り道[まわりみち],detour,,,
マンション,マンション,"multistory apartment house, condominium",,false cognate,
満点,満点[まんてん],perfect score,,,
見掛け,見掛[みか]け,outward appearance,,,
三日月,三日月[みかづき],crescent moon,,,
みじめ,みじめ,"sad, pitiful, wretched",,,
水着,水着[みずぎ],bathing suit (woman's),,,
店屋,店屋[みせや],"store, shop",,,
～みたい,～みたい,looks like ~,,,
道順,道順[みちじゅん],"itinerary, route",,,
見詰める,見詰[みつ]める,"to stare at, to gaze at",,,
醜い,醜[みにく]い,ugly,,,
身分,身分[みぶん],"position, status",,,
見舞う,見舞[みま]う,"to ask after (health), to visit",,,
未満,未満[みまん],"less than, insufficient",,,
ミリ (メートル),ミリ (メートル),milli-,,,
民間,民間[みんかん],"private, civilian",,,
民主～,民主～[みんしゅ～],democratic,,,
民謡,民謡[みんよう],"folk song, popular song",,,
～向け,～ 向[む]け,for ~,,,
無限,無限[むげん],infinite,,,
無地,無地[むじ],plain,,,
無数,無数[むすう],"countless number, infinite number",,,
紫,紫[むらさき],"purple color, violet",,,
姪,姪[めい],niece,,,
命ずる,命[めい]ずる,"to command, to appoint",,,
迷信,迷信[めいしん],superstition,,,
名物,名物[めいぶつ],"famous product, special product, speciality",,,
銘々,銘々[めいめい],"each, individual",,,
目覚し,目覚[めざま]し,alarm-clock,,,
目印,目印[めじるし],"mark, sign, landmark",,,
目立つ,目立[めだ]つ,"to be conspicuous, to stand out",,,
めでたい,めでたい,"happy, propitious, joyous",,,
目安,目安[めやす],"criterion, aim",,,
免税,免税[めんぜい],tax exemption,,,
面倒臭い,面倒臭[めんどうくさ]い,"bother to do, tiresome",,,
儲かる,儲[もう]かる,"to be profitable, to yield a profit",,,
儲ける,儲[もう]ける,"to earn, to have (bear, beget) a child",,,
モーター,モーター,motor,,,
木材,木材[もくざい],"lumber, timber, wood",,,
潜る,潜[もぐ]る,"to drive, to pass through; to evade, to hide",,,
モダン,モダン,modern,,,
餅,餅[もち],sticky rice cake,,,
～もち,～もち,person who has ~,,,
モデル,モデル,a fashion model,,,
元々,元々[もともと],"originally, by nature, from the start",,,
物置,物置[ものおき],storage room,,,
物語る,物語[ものがた]る,"to tell, to indicate",,,
物差し,物差[ものさ]し,"ruler, measure",,,
物凄い,物凄[ものすご]い,"earth-shattering, staggering, to a very great extent",,,
揉む,揉[も]む,"to rub, to crumple (up), to wrinkle",,,
盛る,盛[も]る,to serve (food); to fill up; to prescribe,,,
～問,～問[～もん],counter for questions,,,
問答,問答[もんどう],"questions and answers, dialogue",,,
～夜,～夜[～や],counter for nights,,,
やかん,やかん,kettle,,,
役所,役所[やくしょ],"government office, public office",,,
役人,役人[やくにん],government official,,,
薬品,薬品[やくひん],"medicine(s), chemical(s)",,,
火傷,火傷[やけど],"burn, scald",,,
夜行,夜行[やこう],"night train, night travel",,,
矢印,矢印[やじるし],directing arrow,,,
やたらに,やたらに,"randomly, recklessly, blindly",,,
やっつける,やっつける,"to attack (an enemy), to beat, to finish off",,,
家主,家主[やぬし],landlord,,,
やっぱり,やっぱり,"after all, anyway",,,
破く,破[やぶ]く,to tear,,,
軟らかい,軟[やわ]らかい,"soft, tender, limp",,,
遊園地,遊園地[ゆうえんち],amusement park,,,
郵送,郵送[ゆうそう],mailing,,,
夕[ゆう]日[ひ],夕[][ゆう]日[ひ],"(in) the evening sun, setting sun",,,
悠々,悠々[ゆうゆう],"quiet, calm, leisurely",,,
有料,有料[ゆうりょう],"admission-paid, toll",,,
浴衣,浴衣[ゆかた],"bathrobe, informal summer kimono",,,
湯気,湯気[ゆげ],steam,,,
輸送,輸送[ゆそう],"transport, transportation",,,
油断,油断[ゆだん],"negligence, unpreparedness",,,
緩い,緩[ゆる]い,"loose, lenient, slow",,,
溶岩,溶岩[ようがん],lava,,,
用語,用語[ようご],"term, terminology",,,
要旨,要旨[ようし],"gist, essentials, summary",,,
幼児,幼児[ようじ],"infant, baby, child",,,
容積,容積[ようせき],"capacity, volume",,,
幼稚,幼稚[ようち],"infancy, childish, infantile",,,
洋品店,洋品店[ようひんてん],clothes store,,,
養分,養分[ようぶん],"nourishment, nutrient",,,
羊毛,羊毛[ようもう],wool,,,
漸く,漸[ようや]く,"at last, finally, hardly",,,
翌～,翌～[よく～],next ~,,,
欲張り,欲張[よくば]り,greedy,,,
よこす,よこす,"to send, to forward; to hand over (e.g., money)",,,
余所,余所[よそ],"another place, somewhere else, strange parts",,,
四つ角,四[よつかど]つ角[よつかど],"four corners, crossroads",,,
予備,予備[よび],"preparation, spare",,,
呼び掛ける,呼[よびか]び掛ける,"to call out to, to accost, to address (crowd), to appeal",,,
蘇る,蘇[よみがえ]る,"to be resurrected, to be revived",,,
慶ぶ,慶[よろこ]ぶ,"to be delighted, to be glad",,,
～等,～等[～ら],plural persons,,,
来日,来日[らいにち],"coming to Japan, visit to Japan",,,
落第,落第[らくだい],"failure, dropping out of a class",,,
欄,欄[らん],"column of text (e.g., as in a newspaper)",,,
ランチ,ランチ,lunch,,,
ランニング,ランニング,running; tank top,,,
理科,理科[りか],science,,,
短期,短期[たんき],short term,,,
たんす,たんす,chest of drawers,,,
淡水,淡水[たんすい],fresh water,,,
単数,単数[たんすう],singular (number),,,
団地,団地[だんち],housing complex,,,
断[だん]定[てい],断[][だん]定[てい],"conclusion, decision",,,
短編,短編[たんぺん],"short (e.g., story, film)",,,
近付ける,近付[ちかづ]ける,"to bring near, to put close, to let come near",,,
近寄る,近寄[ちかよ]る,"to approach, to draw near",,,
力強い,力強[ちからづよ]い,"powerful, strong, vigorous",,,
ちぎる,ちぎる,"to cut up fine, to pick (fruit)",,,
地質,地質[ちしつ],geological features,,,
地帯,地帯[ちたい],"area, zone",,,
縮める,縮[ちぢ]める,"to shorten, to reduce, to shrink",,,
縮れる,縮[ちぢ]れる,"to be wavy, to be curled",,,
チップ,チップ,"gratuity, tip; chip",,,
地点,地点[ちてん],"site, point on a map",,,
地名,地名[ちめい],place name,,,
茶色い,茶色[ちゃいろ]い,brown,,,
～着,～着[～ちゃく],counter for clothes; finishing place,,,
着々,着々[ちゃくちゃく],steadily,,,
中間,中間[ちゅうかん],"middle, midway, interim",,,
抽象,抽象[ちゅうしょう],abstract,,,
中世,中世[ちゅうせい],"Middle Ages, medieval times",,,
中性,中性[ちゅうせい],"neuter gender, neutral",,,
中途,中途[ちゅうと],"in the middle, half-way",,,
中年,中年[ちゅうねん],middle-aged,,,
～庁,～庁[～ちょう],"office, agency",,,
～兆,～兆[～ちょう],trillion,,,
～長,～長[～ちょう],"leader, head",,,
超過,超過[ちょうか],"excess, being more than",,,
彫刻,彫刻[ちょうこく],"carving, engraving, sculpture",,,
長女,長女[ちょうじょ],eldest daughter,,,
調節,調節[ちょうせつ],"regulation, adjustment, control",,,
長短,長短[ちょうたん],"length, long and short, +-",,,
頂点,頂点[ちょうてん],"top, summit",,,
長男,長男[ちょうなん],eldest son,,,
～丁目,～丁目[～ちょうめ],"~ district (of a town; city, block)",,,
チョーク,チョーク,chalk,,,
直後,直後[ちょくご],immediately following,,,
直線,直線[ちょくせん],straight line,,,
直前,直前[ちょくぜん],just before,,,
直通,直通[ちょくつう],direct connection,,,
直流,直流[ちょくりゅう],direct current,,,
貯蔵,貯蔵[ちょぞう],"storage, preservation",,,
直角,直角[ちょっかく],right angle,,,
散らかす,散[ち]らかす,"to scatter around, to leave untidy",t,,
ついで,ついで,"opportunity, occasion",,,
～通,～通[～つう],counter for letters,,,
通ずる,通[つう]ずる,"to lead, to run, to open",,,
通知,通知[つうち],"notice, notification",,,
通帳,通帳[つうちょう],bankbook,,,
通用,通用[つうよう],"popular use, circulation",,,
～付,～付[～つき],with ~,,,
突き当たり,突[つきあ]き当たり,"end (e.g., of street)",,,
突き当たる,突[つきあ]き当たる,"to run into, to collide with",,,
～続く,～ 続[つづ]く,"follow, continue, go on",,,
突っ込む,突[つっこ]っ込む,"to plunge into, to stick into",,,
務める,務[つと]める,"to serve, to act",,,
努める,努[つと]める,"to try, to aim",,,
繋がり,繋[つな]がり,"connection, link, relationship",,,
粒,粒[つぶ],grain,,,
潰す,潰[つぶ]す,"to smash, to waste",,,
つまずく,つまずく,"to stumble, to trip",,,
詰まる,詰[つ]まる,"to be blocked, to be packed",,,
爪,爪[つめ],fingernail or toenail,,,
艶,艶[つや],"gloss, glaze",,,
～辛い,～ 辛[づら]い,hard to do ~,,,
吊る,吊[つ]る,"to hang, suspend",t,,
手洗い,手洗[てあら]い,"restroom, lavatory",,,
定価,定価[ていか],established price,,,
定休日,定休日[ていきゅうび],regular holiday,,,
停止,停止[ていし],"suspension, interruption, stoppage",,,
出入り,出入[でい]り,"in and out, coming and going",,,
出入口,出入口[でいりぐち],exit and entrance,,,
手入れ,手入[てい]れ,"repairs, maintenance",,,
テーマ,テーマ,"theme, project, topic (GER: Thema)",,,
～滴,～滴[～てき],drop,,,
出来上がり,出来上[できあ]がり,"be finished, ready",,,
的確,的確[てきかく],"precise, accurate",,適確,
凸凹,凸凹[でこぼこ],"unevenness, roughness, ruggedness",,,
手頃,手頃[てごろ],"moderate, handy",,,
弟子,弟子[でし],"pupil, disciple, apprentice",,,
手帳,手帳[てちょう],notebook,,,
テニスコート,テニスコート,tennis court,,,
手拭い,手拭[てぬぐ]い,(hand) towel,,,
手前,手前[てまえ],"before, this side",,,
出迎え,出迎[でむか]え,"meeting, reception",,,
照らす,照[て]らす,"to shine on, to illuminate",,,
照る,照[て]る,to shine,,,
～点,～点[～てん],counter for scores,,,
展開,展開[てんかい],"develop, expansion (opposite of compression)",,,
伝記,伝記[でんき],"biography, life story",,,
電球,電球[でんきゅう],light bulb,,,
点数,点数[てんすう],"marks, points, score",,,
電池,電池[でんち],battery,,,
点々,点々[てんてん],"here and there, little by little",,,
転々,転々[てんてん],from one to another,,,
電柱,電柱[でんちゅう],"telephone pole, telegraph pole, light pole",,,
ほんわか,ほんわか,wholesome,,,
もったいない,もったいない,wasteful; a waste,,,
 コツコツ,コツコツ,unflaggingly; steadily; untiringly; laboriously,,,
つながる,つながる,"to be tied together, connected to, linked to (I)",,,
先延ばし,先延[さきの]ばし,procrastination,,,
こだわる,こだわる,"<span class=""meaning-meaning"">to be obsessive about; to be fixated on</span><span>​, </span>t<span class=""meaning-meaning"">o fuss over; to be particular about</span><span>​</span>",i,,
"<span class=""hilite_1"" style="""">くぐる</span>",くぐる,"<span class=""meaning-meaning"">to go under; to pass under; to go through; to pass through<br></span>",i,,
営む,営[（いとな）]む,"to operate, to run (a business)",,,
提供する,提供[ていきょう]する,"offer, provide, sponsor",,,
存続する,存続[そんぞく]する,persist,,,
より良い,より 良[よ]い,better,,,
見放す,見放[みはな]す,"abandon, give up on",,,
円滑に,円滑[えんかつ]に,smoothly,,,
人権侵害,人権侵害[じんけんしんがい],human rights violations,,,
株主,株主[かぶぬし],shareholder(s),,,
子会社,子会社[こがいしゃ],subsidiary (company),,,
法人,法人[ほうじん],corporate body; corporation,,,
合名会社,合名会社[ごうめいがいしゃ],unlimited partnership company,,,
合資会社,合資会社[ごうしがいしゃ],limited partnership,,,
合同会社,合同会社[ごうどうがいしゃ],limited liability company (company structure for small businesses),,,
取締役会,取締役会[とりしまりやくかい],board of directors,,,
対価,対価[たいか],compensation (for something done); value/price of something,,,
不正行為,不正行為[ふせいこうい],an illegal act; misconduct,,,
見る目,見[みるめ]る目[みるめ],the looks/public opinions of others,,,
定着率,定着率[ていちゃくりつ],retention rate; stability,,,
新卒採用,新卒採用[しんそつさいよう],the act of employing new graduates,,,
多岐,多岐[たき],"digression, divergence",,,
従業員,従業員[じゅうぎょういん],employee,,,
倒産,倒産[とうさん],bankrupcy,,,
配慮,配慮[はいりょ],"consideration, concern, attention",,,
廃業,廃業[はいぎょう],"closing down (a business), discontinuation (of business)",,,
株式会社,株式会社[かぶしきがいしゃ],limited liability company (llc),,,
税理士,税理士[ぜいりし],licensed tax accountant,,,
行政書士,行政書士[ぎょうせいしょし],"licensed administrative scrivener (in East Asia), or administrative procedures legal specialist",,,
司法書士,司法書士[しほうしょし],"licensed judicial scrivener (in East Asia), or judicial specialist",,,
社会保険労務士,社会保険労務士[かいしゃほけんろうむし],"licensed social insurance consultant, or labor and social security attorney",,,
官公庁,官公庁[かんこうちょう],government and municipal offices,,,
定款,定款[ていかん],(company) statutes,,,
価値創造,価値創造[かちそうぞう],value creation,,,
出資,出資[しゅっし],investment,,,
取り巻く,取[とりま]り巻く,to surround,,,
持続的な,持続的[じぞくてき]な,Sustainable,,,
価格基準,価格基準[かかくきじゅん],Price standard,,,
グローバル化,グローバル 化[ぐろーばるか],Globalization,,,
推進,推進[すいしん],"propulsion, drive; promotion, furtherance, implementation",,,
掲げる,掲[かか]げる,"to put up (a sign, notice, etc.); to hold up (an ideal, principle, etc.)",,,
実業家,実業家[じつぎょうか],"businessman, entrepreneur",,,
流通,流通[りゅうつう],"circulation  (of money, goods)",,,
利害関係者,利害関係者[りがいかんけいしゃ],stakeholder,,,
使命,使命[しめい],mission,,,
則る,則[のっと]る,"to conform to / to follow (rules, traditions)",,,
吟味する,吟味[ぎんみ（する）]する,Invest/examine carefully,,,
バラつき,ばらつき,"scattered, uneven, varied, dispersed",,,
手待ち,手待[てま]ち,"downtime, waiting time",,,
歩留まり,歩留[ぶど]まり,yield rate,,,
成果,成果[せいか],Achievement,,,
改善策,改善策[かいぜんさく],Improvement plan,,,
着眼点,着眼点[ちゃくがんてん],Focus,,,
原価,原価[げんか],"Cost, Unit cost, Purchase cost",,,
行動変容,行動変容[こうどうへんよう],Behavior change,,,
検証する,検証[けんしょう]する,verification; (to verify),,,
基づく,基[もと]づく,base on,,,
実行,実行[じっこう],"Execution, carrying out, practice, implementation","Suru, t",理論や計画などの,
手順,手順[てじゅん],procedure,,,
強制的,強制的[きょうせいてき],compulsory,,,
ダラリ,だらり,"from ３ム：むだ、むら、むり inefficiency, inconsistency, impossibility",,,
ループ型のモデル,ループ 型[るーぷがたのもでる]のモデル,"based on matching with the english article: iterative, potential definition: feedback loop",,,
エスノグラフィックアプローチ,えそのぐらふぃっくあぷろーち,ethnographic approach,,,
産物,産物[さんぶつ],"a product of s.t., produce, result",,"Can refer to physical produce (e.g. fruit), but also the product of efforts, etc.",
指標,指標[しひょう],"index, indicator",,The baseline for some evaluation/standard,
事例,事例[じれい],"example, precedent, case",,,
且つ,且[か]つ,and,,且つ＝A AND B；及び＝A OR B；と＝どちらの場合も考えられます。（正式な書類には「と」は使われません。 意味があいまいだからです。）,
顧客経験価値,顧客経験価値[こきゃくけいけんかち],customer experience (CX),,,
そもそも,そもそも,"in the first place, to begin with, after all","adv, conj",,
ぽっかり,ぽっかり,lightly<br>gaping wide<br>suddenly; unexpectedly,,,scraped
ごっこ,ごっこ,playing at (something); game of make-believe; something done together,,,scraped
